annotation_row_id,ID,Source,Severity,event_year,reported_duration_minutes,duration_group,description_group,Description,ann_incident_type,ann_heavy_vehicle,ann_rollover,ann_spill,ann_fire,ann_debris,ann_injury,ann_lanes_blocked,ann_full_road_blockage,ann_ramp_involvement,ann_disabled_vehicle,ann_hazardous_material,ann_specialized_recovery_required,ann_emergency_response_mentioned,ann_uncertainty_language,annotation_notes,annotator_id,annotation_status,kw_incident_type,kw_heavy_vehicle,kw_rollover,kw_spill,kw_fire,kw_debris,kw_injury,kw_lanes_blocked,kw_full_road_blockage,kw_ramp_involvement,kw_disabled_vehicle,kw_emergency_response_mentioned
1,A-2134446,Source2,3,2019.0,74.9,D3_61_120,T1_short,Accident on I-59 Southbound at Exit 141 CR-10 Chalkville Rd.,crash,False,False,False,False,False,False,False,False,True,False,False,unknown,False,False,,,PRE-LABELLED_SILVER,crash,False,False,False,False,False,False,False,False,False,False,False
2,A-1475007,Source2,2,2020.0,75.51666666666667,D3_61_120,T2_medium,Accident on I-5 Northbound between Exit 216 OR-228 and Exit 228 OR-34.,crash,False,False,False,False,False,False,False,False,True,False,False,unknown,False,False,,,PRE-LABELLED_SILVER,crash,False,False,False,False,False,False,False,False,False,False,False
3,A-5262363,Source1,2,2022.0,78.01666666666667,D3_61_120,T4_very_long,On VA-7 in the County of Frederick in the vicinity of Valley Mill Rd; Rt. 659E/W (Frederick County); Rt. 659E (Frederick County);VALLEY MILL ROAD motorists can expect delays due to a vehicle crash. All east lanes are closed. All west lanes are closed.,crash,False,False,False,False,False,False,True,True,False,False,False,unknown,False,True,,,PRE-LABELLED_SILVER,crash,False,False,False,False,False,False,False,False,False,False,False
4,A-5047574,Source1,2,2023.0,98.3,D3_61_120,T2_medium,Incident on CA-118 WB near ROCKY PEAK FIRE RD Drive with caution.,hazard,False,False,False,True,False,False,False,False,False,False,False,unknown,True,False,,,PRE-LABELLED_SILVER,fire,False,False,False,True,False,False,False,False,False,False,False
5,A-5791904,Source1,2,2021.0,99.0,D3_61_120,T2_medium,Slow traffic on I-15 S from I-84/Exit 343 (I-15) to UT-26/Exit 342 (I-15) due to accident.,crash,False,False,False,False,False,False,False,False,True,False,False,unknown,False,False,,,PRE-LABELLED_SILVER,crash,False,False,False,False,False,False,False,False,False,False,False
6,A-6259438,Source1,2,2021.0,142.51666666666668,D4_121_360,T2_medium,Stationary traffic on I-95 N from exit [23] to Broward Blvd (FL-842) exit [27] due to accident.,crash,False,False,False,False,False,False,False,False,True,False,False,unknown,False,False,,,PRE-LABELLED_SILVER,crash,False,False,False,False,False,False,False,False,False,False,False
7,A-3060962,Source2,2,2018.0,29.78333333333333,D1_0_30,T1_short,Accident on Main St at 75th St.,crash,False,False,False,False,False,False,False,False,False,False,False,unknown,False,False,,,PRE-LABELLED_SILVER,crash,False,False,False,False,False,False,False,False,False,False,False
8,A-1120557,Source2,3,2021.0,61.43333333333333,D3_61_120,T2_medium,Lane blocked due to accident on I-94 Bishop Ford Fwy Westbound at Cottage Grove Ave.,crash,False,False,False,False,False,False,True,False,False,False,False,unknown,False,False,,,PRE-LABELLED_SILVER,crash,False,False,False,False,False,False,False,False,False,False,False
9,A-3586562,Source1,2,2017.0,360.0,D4_121_360,T1_short,At 67th Ave/Exit 137 - Accident.,crash,False,False,False,False,False,False,False,False,True,False,False,unknown,False,False,,,PRE-LABELLED_SILVER,crash,False,False,False,False,False,False,False,False,False,False,False
10,A-2245941,Source2,2,2019.0,194.51666666666668,D4_121_360,T1_short,Accident on Crescent Springs Dr at Katie Kim Dr .,crash,False,False,False,False,False,False,False,False,False,False,False,unknown,False,False,,,PRE-LABELLED_SILVER,crash,False,False,False,False,False,False,False,False,False,False,False
11,A-1915500,Source2,2,2019.0,124.75,D4_121_360,T1_short,Accident on US-60 Eastbound near BIA-1956.,crash,False,False,False,False,False,False,False,False,False,False,False,unknown,False,False,,,PRE-LABELLED_SILVER,crash,False,False,False,False,False,False,False,False,False,False,False
12,A-6989367,Source1,3,2020.0,34.96666666666667,D2_31_60,T1_short,At I-88/I-294/Exit 15A - Accident. Hard shoulder blocked.,crash,False,False,False,False,False,False,True,False,True,False,False,unknown,False,False,,,PRE-LABELLED_SILVER,crash,False,False,False,False,False,False,False,False,False,False,False
13,A-4700844,Source1,2,2023.0,127.75,D4_121_360,T2_medium,Crash on I-81 southbound .4 miles south of Exit 59: PA 581 EAST/TO US 11 - CAMP HILL. There is a shoulder closed.,crash,False,False,False,False,False,False,False,False,True,False,False,unknown,False,False,,,PRE-LABELLED_SILVER,crash,False,False,False,False,False,False,False,False,False,False,False
14,A-498326,Source2,2,2017.0,29.3,D1_0_30,T2_medium,2 right lane blocked due to accident on FL-826 Palmetto Expy Northbound at FL-948 36th St.,crash,False,False,False,False,False,False,True,False,False,False,False,unknown,False,False,,,PRE-LABELLED_SILVER,crash,False,False,False,False,False,False,False,False,False,False,False
15,A-2299402,Source2,2,2019.0,59.81666666666667,D2_31_60,T1_short,Accident on 108th St at Fairview Rd.,crash,False,False,False,False,False,False,False,False,False,False,False,unknown,False,False,,,PRE-LABELLED_SILVER,crash,False,False,False,False,False,False,False,False,False,False,False
16,A-7571101,Source1,3,2018.0,360.0,D4_121_360,T1_short,At Piuma Rd - Accident.,crash,False,False,False,False,False,False,False,False,False,False,False,unknown,False,False,,,PRE-LABELLED_SILVER,crash,False,False,False,False,False,False,False,False,False,False,False
17,A-3509042,Source1,2,2016.0,360.0,D4_121_360,T1_short,At Morris Field Dr - Accident.,crash,False,False,False,False,False,False,False,False,False,False,False,unknown,False,False,,,PRE-LABELLED_SILVER,crash,False,False,False,False,False,False,False,False,False,False,False
18,A-7124459,Source1,2,2020.0,54.266666666666666,D2_31_60,T1_short,At I-210 - Accident.,crash,False,False,False,False,False,False,False,False,False,False,False,unknown,False,False,,,PRE-LABELLED_SILVER,crash,False,False,False,False,False,False,False,False,False,False,False
19,A-4590053,Source1,2,2022.0,131.93333333333334,D4_121_360,T1_short,NB M-39 at Oakwood,unknown,False,False,False,False,False,False,False,False,False,False,False,unknown,False,False,,,PRE-LABELLED_SILVER,unknown,False,False,False,False,False,False,False,False,False,False,False
20,A-6141069,Source1,2,2021.0,75.01666666666667,D3_61_120,T1_short,Incident on US-10 WB near EAGLE LAKE RD Drive with caution.,unknown,False,False,False,False,False,False,False,False,False,False,False,unknown,False,False,,,PRE-LABELLED_SILVER,unknown,False,False,False,False,False,False,False,False,False,False,False
21,A-1198502,Source2,2,2021.0,45.46666666666667,D2_31_60,T2_medium,Exit ramp from I-10 Westbound at Exit 23 to Michigan Ave shoulder blocked due to accident.,crash,False,False,False,False,False,False,True,False,True,False,False,unknown,False,False,,,PRE-LABELLED_SILVER,crash,False,False,False,False,False,False,False,False,True,False,False
22,A-6330065,Source1,2,2021.0,124.25,D4_121_360,T1_short,Incident on SULLIVAN ST near MARTIN ST Drive with caution.,unknown,False,False,False,False,False,False,False,False,False,False,False,unknown,False,False,,,PRE-LABELLED_SILVER,unknown,False,False,False,False,False,False,False,False,False,False,False
23,A-2259250,Source2,2,2019.0,29.75,D1_0_30,T1_short,Accident on US-82 Mcfarland Blvd Westbound at AL-6.,crash,False,False,False,False,False,False,False,False,False,False,False,unknown,False,False,,,PRE-LABELLED_SILVER,crash,False,False,False,False,False,False,False,False,False,False,False
24,A-3511530,Source1,2,2016.0,360.0,D4_121_360,T1_short,At Papago Rd - Accident.,crash,False,False,False,False,False,False,False,False,False,False,False,unknown,False,False,,,PRE-LABELLED_SILVER,crash,False,False,False,False,False,False,False,False,False,False,False
25,A-4987718,Source1,2,2022.0,127.95,D4_121_360,T3_long,Crash on WASHINGTON RD / WEST LIBERTY AV / LIBERTY TN / LIBERTY BR northbound between Exit: PA 51 SOUTH - UNIONTOWN and MCARDLE RD. All lanes closed.,crash,False,False,False,False,False,False,True,True,True,False,False,unknown,False,False,,,PRE-LABELLED_SILVER,crash,False,False,False,False,False,False,False,True,False,False,False
26,A-1702903,Source2,2,2019.0,62.15,D3_61_120,T1_short,Accident on Harrison Ave near Dautel Ave.,crash,False,False,False,False,False,False,False,False,False,False,False,unknown,False,False,,,PRE-LABELLED_SILVER,crash,False,False,False,False,False,False,False,False,False,False,False
27,A-7702134,Source1,2,2017.0,360.0,D4_121_360,T1_short,At Lydia Dr - Accident.,crash,False,False,False,False,False,False,False,False,False,False,False,unknown,False,False,,,PRE-LABELLED_SILVER,crash,False,False,False,False,False,False,False,False,False,False,False
28,A-2629831,Source2,2,2018.0,60.0,D2_31_60,T1_short,Accident on CA-76 Mission Rd Southbound at Camino del Rey.,crash,False,False,False,False,False,False,False,False,False,False,False,unknown,False,False,,,PRE-LABELLED_SILVER,crash,False,False,False,False,False,False,False,False,False,False,False
29,A-5049422,Source1,2,2022.0,131.98333333333332,D4_121_360,T3_long,Slow traffic on US-50 E - US-301 N from Bay Dale Dr/Ferguson Rd/Exit 28 (US-301/US-50) to MD-179/Cape Saint Claire Rd/Exit 29 (US-301/US-50) due to accident.,crash,False,False,False,False,False,False,False,False,True,False,False,unknown,False,False,,,PRE-LABELLED_SILVER,crash,False,False,False,False,False,False,False,False,False,False,False
30,A-6086324,Source1,2,2021.0,158.9,D4_121_360,T2_medium,Accident on Applegate Rd (I-80) from Paoli Ln (I-80) to I-80 E.,crash,False,False,False,False,False,False,False,False,False,False,False,unknown,False,False,,,PRE-LABELLED_SILVER,crash,False,False,False,False,False,False,False,False,False,False,False
31,A-4110766,Source1,2,2022.0,450.0,D5_361_1440,T4_very_long,NYSDOT - Region 9: Crash and debris spill on NY 17 eastbound between Exit 62 - NY 282 (Nichols) and Exit 64 - NY 96 (Owego) all lanes blocked due to a tractor trailer crash with cargo spill alternate route is SR-17 to Ext 62 to SR-262 to SR-17C to SR-96 to SR-17 at Exit 64 called residency DOT is responding,crash,True,False,True,False,True,False,True,True,True,False,False,unknown,False,False,,,PRE-LABELLED_SILVER,crash,True,False,True,False,True,False,True,False,False,False,False
32,A-7675130,Source1,3,2017.0,360.0,D4_121_360,T2_medium,Between Mountain Creek Pky/Exit 458 and FM-1382/Exit 457 - Accident.,crash,False,False,False,False,False,False,False,False,True,False,False,unknown,False,False,,,PRE-LABELLED_SILVER,crash,False,False,False,False,False,False,False,False,False,False,False
33,A-1109474,Source2,3,2021.0,94.13333333333334,D3_61_120,T2_medium,Two lanes blocked due to accident on I-435 Southbound at Exits 63A 63B I-70 Exits 8A 8B 9.,crash,False,False,False,False,False,False,True,False,False,False,False,unknown,False,False,,,PRE-LABELLED_SILVER,crash,False,False,False,False,False,False,True,False,False,False,False
34,A-2560505,Source2,2,2018.0,29.866666666666667,D1_0_30,T1_short,Accident on Valencia Rd at 12th Ave.,crash,False,False,False,False,False,False,False,False,False,False,False,unknown,False,False,,,PRE-LABELLED_SILVER,crash,False,False,False,False,False,False,False,False,False,False,False
35,A-7450106,Source1,2,2019.0,29.666666666666668,D1_0_30,T1_short,At La Tijera Blvd/Exit 48 - Accident. Lane blocked.,crash,False,False,False,False,False,False,True,False,True,False,False,unknown,False,False,,,PRE-LABELLED_SILVER,crash,False,False,False,False,False,False,False,False,False,False,False
36,A-721606,Source2,3,2022.0,59.45,D2_31_60,T2_medium,Left lane blocked due to accident on I-465 Southbound at Exits 44 / I-70.,crash,False,False,False,False,False,False,True,False,False,False,False,unknown,False,False,,,PRE-LABELLED_SILVER,crash,False,False,False,False,False,False,False,False,False,False,False
37,A-1957199,Source2,2,2019.0,75.76666666666667,D3_61_120,T1_short,Accident on CR-513 Fairview Ave near Larrison Rd.,crash,False,False,False,False,False,False,False,False,False,False,False,unknown,False,False,,,PRE-LABELLED_SILVER,crash,False,False,False,False,False,False,False,False,False,False,False
38,A-1442736,Source2,1,2020.0,78.15,D3_61_120,T3_long,Right and center lane blocked due to accident on Meadowbrook Pkwy Northbound from Exits M8 E M8 W NY-27 to Exits M7 E M7 W Babylon Tpke.,crash,False,False,False,False,False,False,True,False,False,False,False,unknown,False,False,,,PRE-LABELLED_SILVER,crash,False,False,False,False,False,False,False,False,False,False,False
39,A-2945588,Source2,3,2018.0,29.616666666666667,D1_0_30,T2_medium,Accident on I-215 Northbound between Exit 23 700 and Exit 25 2100.,crash,False,False,False,False,False,False,False,False,True,False,False,unknown,False,False,,,PRE-LABELLED_SILVER,crash,False,False,False,False,False,False,False,False,False,False,False
40,A-4969992,Source1,2,2021.0,78.4,D3_61_120,T1_short,Incident on CREEK RD WB near ENCINO DR Drive with caution.,unknown,False,False,False,False,False,False,False,False,False,False,False,unknown,False,False,,,PRE-LABELLED_SILVER,unknown,False,False,False,False,False,False,False,False,False,False,False
41,A-1748502,Source2,3,2019.0,59.63333333333333,D2_31_60,T2_medium,Left lane blocked due to accident on I-64 Eastbound before Exits 36B 36C Vandeventer Ave.,crash,False,False,False,False,False,False,True,False,False,False,False,unknown,False,False,,,PRE-LABELLED_SILVER,crash,False,False,False,False,False,False,False,False,False,False,False
42,A-5346926,Source1,2,2022.0,127.06666666666666,D4_121_360,T2_medium,Slow traffic on FL-45 - US-41 S - FL-70 from 11th Street Ct W to Park Ln due to accident.,crash,False,False,False,False,False,False,False,False,False,False,False,unknown,False,False,,,PRE-LABELLED_SILVER,crash,False,False,False,False,False,False,False,False,False,False,False
43,A-561339,Source2,1,2022.0,59.41666666666666,D2_31_60,T1_short,Crash on GA-56-SPUR Doug Barnard Pkwy both ways at I-520.,crash,False,False,False,False,False,False,False,False,False,False,False,unknown,False,False,,,PRE-LABELLED_SILVER,crash,False,False,False,False,False,False,False,False,False,False,False
44,A-1483117,Source2,2,2020.0,47.35,D2_31_60,T1_short,Accident on 63rd Pl at Villa Ave.,crash,False,False,False,False,False,False,False,False,False,False,False,unknown,False,False,,,PRE-LABELLED_SILVER,crash,False,False,False,False,False,False,False,False,False,False,False
45,A-652644,Source2,3,2022.0,44.46666666666667,D2_31_60,T2_medium,Left lane blocked due to crash on I-10 Westbound before San Jacinto St.,crash,False,False,False,False,False,False,True,False,False,False,False,unknown,False,False,,,PRE-LABELLED_SILVER,crash,False,False,False,False,False,False,False,False,False,False,False
46,A-3738923,Source1,2,2022.0,137.0,D4_121_360,T3_long,Collision on US 101 southbound at milepost 360.96 near Shaker Church Rd beginning at 2:28 pm on December 12 2022 until further notice. The right lane is blocked.,crash,False,False,False,False,False,False,True,False,False,False,False,unknown,False,False,,,PRE-LABELLED_SILVER,crash,False,False,False,False,False,False,False,False,False,False,False
47,A-2309272,Source2,3,2019.0,29.383333333333333,D1_0_30,T2_medium,Right lane blocked due to accident on I-75 Southbound near Exit 108 Merchants Dr.,crash,False,False,False,False,False,False,True,False,True,False,False,unknown,False,False,,,PRE-LABELLED_SILVER,crash,False,False,False,False,False,False,False,False,False,False,False
48,A-828916,Source2,2,2021.0,44.18333333333333,D2_31_60,T1_short,Accident on FL-123 Southbound at FL-85.,crash,False,False,False,False,False,False,False,False,False,False,False,unknown,False,False,,,PRE-LABELLED_SILVER,crash,False,False,False,False,False,False,False,False,False,False,False
49,A-3971104,Source1,2,2022.0,77.21666666666667,D3_61_120,T1_short,Incident on US-101 near ARROWHEAD DR Drive with caution.,unknown,False,False,False,False,False,False,False,False,False,False,False,unknown,False,False,,,PRE-LABELLED_SILVER,unknown,False,False,False,False,False,False,False,False,False,False,False
50,A-3072382,Source2,2,2018.0,59.86666666666667,D2_31_60,T1_short,Accident on Runnymede Ln near Barclay Downs Dr.,crash,False,False,False,False,False,False,False,False,False,False,False,unknown,False,False,,,PRE-LABELLED_SILVER,crash,False,False,False,False,False,False,False,False,False,False,False
51,A-2055654,Source2,2,2019.0,59.766666666666666,D2_31_60,T1_short,Accident on US-1 at Calks Ferry Rd.,crash,False,False,False,False,False,False,False,False,False,False,False,unknown,False,False,,,PRE-LABELLED_SILVER,crash,False,False,False,False,False,False,False,False,False,False,False
52,A-6481456,Source1,2,2021.0,120.7,D4_121_360,T2_medium,Incident on PINEDA CSWY near N WICKHAM RD Drive with caution.,unknown,False,False,False,False,False,False,False,False,False,False,False,unknown,False,False,,,PRE-LABELLED_SILVER,unknown,False,False,False,False,False,False,False,False,False,False,False
53,A-2923150,Source2,2,2018.0,29.716666666666665,D1_0_30,T1_short,Accident on 24th St at Ida St.,crash,False,False,False,False,False,False,False,False,False,False,False,unknown,False,False,,,PRE-LABELLED_SILVER,crash,False,False,False,False,False,False,False,False,False,False,False
54,A-4026817,Source1,2,2022.0,129.4,D4_121_360,T1_short,Incident on I-35 SB near ANTIOCH RD Expect long delays.,unknown,False,False,False,False,False,False,False,False,False,False,False,unknown,False,True,,,PRE-LABELLED_SILVER,unknown,False,False,False,False,False,False,False,False,False,False,False
55,A-1652923,Source2,2,2020.0,92.38333333333334,D3_61_120,T1_short,Accident on 34th St at Western Ave.,crash,False,False,False,False,False,False,False,False,False,False,False,unknown,False,False,,,PRE-LABELLED_SILVER,crash,False,False,False,False,False,False,False,False,False,False,False
56,A-3373188,Source2,2,2017.0,28.8,D1_0_30,T2_medium,Accident on TX-12 Loop Great Trinity Forest Way at Julius Schepps Fwy.,crash,False,False,False,False,False,False,False,False,False,False,False,unknown,False,False,,,PRE-LABELLED_SILVER,crash,False,False,False,False,False,False,False,False,False,False,False
57,A-3098945,Source2,2,2017.0,30.0,D1_0_30,T1_short,Accident on TX-99 Grand Pkwy Northbound at Westheimer Pkwy.,crash,False,False,False,False,False,False,False,False,False,False,False,unknown,False,False,,,PRE-LABELLED_SILVER,crash,False,False,False,False,False,False,False,False,False,False,False
58,A-1733943,Source2,2,2019.0,44.88333333333333,D2_31_60,T1_short,Accident on US-31A Nolensville Pike at Glenrose Ave.,crash,False,False,False,False,False,False,False,False,False,False,False,unknown,False,False,,,PRE-LABELLED_SILVER,crash,False,False,False,False,False,False,False,False,False,False,False
59,A-1878747,Source2,2,2019.0,45.86666666666667,D2_31_60,T1_short,Accident on VA-147 Main St at 6th St.,crash,False,False,False,False,False,False,False,False,False,False,False,unknown,False,False,,,PRE-LABELLED_SILVER,crash,False,False,False,False,False,False,False,False,False,False,False
60,A-1437510,Source2,3,2020.0,59.41666666666666,D2_31_60,T2_medium,Two lanes blocked and left hand shoulder blocked due to accident on I-94 Westbound at Exit 208 Greenfield Rd.,crash,False,False,False,False,False,False,True,False,True,False,False,unknown,False,False,,,PRE-LABELLED_SILVER,crash,False,False,False,False,False,False,True,False,False,False,False
61,A-323880,Source2,2,2017.0,29.1,D1_0_30,T2_medium,Right lane blocked due to accident on IA-163 University Ave Eastbound between US-65 and 112th St.,crash,False,False,False,False,False,False,True,False,False,False,False,unknown,False,False,,,PRE-LABELLED_SILVER,crash,False,False,False,False,False,False,False,False,False,False,False
62,A-7160853,Source1,3,2020.0,30.0,D1_0_30,T1_short,At W 42nd St - Accident. Two lanes blocked.,crash,False,False,False,False,False,False,True,False,False,False,False,unknown,False,False,,,PRE-LABELLED_SILVER,crash,False,False,False,False,False,False,True,False,False,False,False
63,A-4029302,Source1,2,2022.0,78.13333333333334,D3_61_120,T1_short,Incident on FARRS BRIDGE RD near SC-183 Drive with caution.,unknown,False,False,False,False,False,False,False,False,False,False,False,unknown,False,False,,,PRE-LABELLED_SILVER,unknown,False,False,False,False,False,False,False,False,False,False,False
64,A-1925529,Source2,3,2019.0,59.833333333333336,D2_31_60,T1_short,Accident on I-694 Eastbound at Exit 45 CR-49 Rice St.,crash,False,False,False,False,False,False,False,False,True,False,False,unknown,False,False,,,PRE-LABELLED_SILVER,crash,False,False,False,False,False,False,False,False,False,False,False
65,A-3498356,Source1,2,2016.0,360.0,D4_121_360,T1_short,At Northdale Blvd - Accident.,crash,False,False,False,False,False,False,False,False,False,False,False,unknown,False,False,,,PRE-LABELLED_SILVER,crash,False,False,False,False,False,False,False,False,False,False,False
66,A-1426485,Source2,2,2020.0,47.36666666666667,D2_31_60,T1_short,Accident on Lake Ralph Dr at Almo Ct.,crash,False,False,False,False,False,False,False,False,False,False,False,unknown,False,False,,,PRE-LABELLED_SILVER,crash,False,False,False,False,False,False,False,False,False,False,False
67,A-343174,Source2,3,2017.0,59.68333333333333,D2_31_60,T2_medium,Shoulder blocked on exit ramp due to accident on I-405 Southbound at Exits 48 49A La Tijera Blvd.,crash,False,False,False,False,False,False,True,False,True,False,False,unknown,False,False,,,PRE-LABELLED_SILVER,crash,False,False,False,False,False,False,False,False,True,False,False
68,A-149380,Source2,3,2017.0,28.85,D1_0_30,T2_medium,Queueing traffic and 2nd lane blocked due to accident on I-85 Northbound at Exit 94 Chamblee Tucker Rd.,crash,False,False,False,False,False,False,True,False,True,False,False,unknown,False,False,,,PRE-LABELLED_SILVER,crash,False,False,False,False,False,False,False,False,False,False,False
69,A-532685,Source2,1,2022.0,44.5,D2_31_60,T3_long,Right hand shoulder blocked due to crash on I-294 Tri-State Tollway Northbound between Exit 44 US-14 Dempster St and Exit 45 River Rd.,crash,False,False,False,False,False,False,True,False,True,False,False,unknown,False,False,,,PRE-LABELLED_SILVER,crash,False,False,False,False,False,False,False,False,False,False,False
70,A-6529680,Source1,2,2021.0,104.11666666666666,D3_61_120,T1_short,Incident on IL-137 EB near IL-21 Drive with caution.,unknown,False,False,False,False,False,False,False,False,False,False,False,unknown,False,False,,,PRE-LABELLED_SILVER,unknown,False,False,False,False,False,False,False,False,False,False,False
71,A-5633838,Source1,2,2021.0,77.11666666666666,D3_61_120,T3_long,ConnDOT: RT 169 is closed in both directions at Blissville Road because of Crash (1 Vehicle). Reported Friday June 18 at 11:11 am.,crash,False,False,False,False,False,False,False,False,False,False,False,unknown,False,True,,,PRE-LABELLED_SILVER,crash,False,False,False,False,False,False,False,False,False,False,False
72,A-2535104,Source2,2,2018.0,29.25,D1_0_30,T1_short,Accident on IL-21 both ways at Deerfield Rd.,crash,False,False,False,False,False,False,False,False,False,False,False,unknown,False,False,,,PRE-LABELLED_SILVER,crash,False,False,False,False,False,False,False,False,False,False,False
73,A-5644353,Source1,2,2021.0,85.7,D3_61_120,T1_short,Incident on FLORIDA'S TPKE NB near MM 87 Left lane blocked.,unknown,False,False,False,False,False,False,True,False,False,False,False,unknown,False,False,,,PRE-LABELLED_SILVER,unknown,False,False,False,False,False,False,False,False,False,False,False
74,A-5236480,Source1,2,2022.0,80.0,D3_61_120,T1_short,Incident on DELTA ST near MALMAISON DR Drive with caution.,unknown,False,False,False,False,False,False,False,False,False,False,False,unknown,False,False,,,PRE-LABELLED_SILVER,unknown,False,False,False,False,False,False,False,False,False,False,False
75,A-693750,Source2,3,2022.0,29.816666666666663,D1_0_30,T2_medium,Lane blocked due to crash on I-95 Southbound at Exit 55 Mccomas St.,crash,False,False,False,False,False,False,True,False,True,False,False,unknown,False,False,,,PRE-LABELLED_SILVER,crash,False,False,False,False,False,False,False,False,False,False,False
76,A-7037406,Source1,2,2020.0,32.61666666666667,D2_31_60,T1_short,At N Victory Pl/N Lincoln St - Accident. Heavy rain.,crash,True,False,False,False,False,False,False,False,False,False,False,unknown,False,False,,,PRE-LABELLED_SILVER,crash,False,False,False,False,False,False,False,False,False,False,False
77,A-1003634,Source2,2,2021.0,86.35,D3_61_120,T1_short,Accident on Slater Rd at FL-78 Bayshore Rd.,crash,False,False,False,False,False,False,False,False,False,False,False,unknown,False,False,,,PRE-LABELLED_SILVER,crash,False,False,False,False,False,False,False,False,False,False,False
78,A-4223789,Source1,4,2022.0,1530.5666666666666,D6_over_1440,T2_medium,Construction on I-40 EB near TWIN ARROWS Road closed. Take alternate route.,roadwork,False,False,False,False,False,False,True,True,False,False,False,unknown,False,False,,,PRE-LABELLED_SILVER,unknown,False,False,False,False,False,False,False,True,False,False,False
79,A-5534465,Source1,2,2021.0,121.51666666666668,D4_121_360,T1_short,Stationary traffic from CA-57 S to CA-57 N due to accident.,crash,False,False,False,False,False,False,False,False,False,False,False,unknown,False,False,,,PRE-LABELLED_SILVER,crash,False,False,False,False,False,False,False,False,False,False,False
80,A-7714112,Source1,2,2019.0,28.066666666666663,D1_0_30,T2_medium,Between LA-385/Exit 29 and LA-378/Exit 27 - Accident. Right lane blocked.,crash,False,False,False,False,False,False,True,False,True,False,False,unknown,False,False,,,PRE-LABELLED_SILVER,crash,False,False,False,False,False,False,False,False,False,False,False
81,A-7558078,Source1,4,2018.0,368.6333333333333,D5_361_1440,T2_medium,Closed at I-295 - Road closed due to accident. Fallen power cables.,crash,False,False,False,False,False,False,True,True,False,False,False,unknown,False,False,,,PRE-LABELLED_SILVER,crash,False,False,False,False,False,False,False,True,False,False,False
82,A-2997544,Source2,2,2018.0,29.383333333333333,D1_0_30,T2_medium,#4 lane blocked due to accident on US-101 Northbound at San Bruno Ave.,crash,False,False,False,False,False,False,True,False,False,False,False,unknown,False,False,,,PRE-LABELLED_SILVER,crash,False,False,False,False,False,False,True,False,False,False,False
83,A-5609819,Source1,4,2021.0,404.1333333333333,D5_361_1440,T3_long,Crash on I-83 northbound between Exit 24: PA 238 - EMIGSVILLE and Exit 28: PA 297 - ZIONS VIEW/STRINESTOWN. All lanes closed.,crash,False,False,False,False,False,False,True,True,True,False,False,unknown,False,False,,,PRE-LABELLED_SILVER,crash,False,False,False,False,False,False,False,True,False,False,False
84,A-6055339,Source1,2,2021.0,182.0,D4_121_360,T1_short,Incident on CLEMONS RD near MAXWELL RD Expect delays.,unknown,False,False,False,False,False,False,False,False,False,False,False,unknown,False,True,,,PRE-LABELLED_SILVER,unknown,False,False,False,False,False,False,False,False,False,False,False
85,A-942340,Source2,3,2021.0,44.65,D2_31_60,T2_medium,#3 lane closed due to accident on I-5 Northbound at Exit 71 Basilone Rd.,crash,False,False,False,False,False,False,True,False,True,False,False,unknown,False,False,,,PRE-LABELLED_SILVER,crash,False,False,False,False,False,False,True,False,False,False,False
86,A-7005073,Source1,2,2020.0,51.73333333333333,D2_31_60,T1_short,At CA-39/Beach Blvd/Exit 16 - Accident.,crash,False,False,False,False,False,False,False,False,True,False,False,unknown,False,False,,,PRE-LABELLED_SILVER,crash,False,False,False,False,False,False,False,False,False,False,False
87,A-5718598,Source1,2,2021.0,42.0,D2_31_60,T2_medium,Slow traffic on I-4 W from FL-436/Exit 48 (I-4) to FL-414/Maitland Blvd/Exit 47 (I-4) due to accident.,crash,False,False,False,False,False,False,False,False,True,False,False,unknown,False,False,,,PRE-LABELLED_SILVER,crash,False,False,False,False,False,False,False,False,False,False,False
88,A-2345151,Source2,2,2019.0,28.416666666666668,D1_0_30,T1_short,Accident on FL-997 177th Ave Northbound at 232nd St.,crash,False,False,False,False,False,False,False,False,False,False,False,unknown,False,False,,,PRE-LABELLED_SILVER,crash,False,False,False,False,False,False,False,False,False,False,False
89,A-6145053,Source1,2,2021.0,78.41666666666667,D3_61_120,T2_medium,Incident on I-40 EB near I-40 Road closed. Take alternate route.,unknown,False,False,False,False,False,False,True,True,False,False,False,unknown,False,False,,,PRE-LABELLED_SILVER,unknown,False,False,False,False,False,False,False,True,False,False,False
90,A-2958500,Source2,3,2018.0,29.55,D1_0_30,T2_medium,Right lane blocked due to jackknifed trailer on I-78 Westbound at Exit 7 NJ-173.,unknown,True,False,False,False,False,False,True,False,True,False,False,unknown,False,False,,,PRE-LABELLED_SILVER,unknown,True,False,False,False,False,False,False,False,False,False,False
91,A-413516,Source2,3,2017.0,29.683333333333334,D1_0_30,T2_medium,Accident on I-95 Southbound at Exit 76 FL-708 Blue Heron Blvd.,crash,False,False,False,False,False,False,False,False,True,False,False,unknown,False,False,,,PRE-LABELLED_SILVER,crash,False,False,False,False,False,False,False,False,False,False,False
92,A-1912146,Source2,2,2019.0,29.83333333333333,D1_0_30,T1_short,Accident on Atlantic Blvd near Hubbard St.,crash,False,False,False,False,False,False,False,False,False,False,False,unknown,False,False,,,PRE-LABELLED_SILVER,crash,False,False,False,False,False,False,False,False,False,False,False
93,A-1199464,Source2,3,2021.0,85.83333333333333,D3_61_120,T2_medium,Exit ramp from I-110 Northbound at Exit 4 to Figueroa St lane blocked due to accident.,crash,False,False,False,False,False,False,True,False,True,False,False,unknown,False,False,,,PRE-LABELLED_SILVER,crash,False,False,False,False,False,False,False,False,True,False,False
94,A-1521663,Source2,2,2020.0,59.18333333333333,D2_31_60,T1_short,Accident on US-25 White Horse Rd at SC-81 Anderson Rd.,crash,False,False,False,False,False,False,False,False,False,False,False,unknown,False,False,,,PRE-LABELLED_SILVER,crash,False,False,False,False,False,False,False,False,False,False,False
95,A-1125085,Source2,3,2021.0,123.95,D4_121_360,T2_medium,#1 lane blocked due to accident on I-280 Southbound at Trousdale Dr.,crash,False,False,False,False,False,False,True,False,False,False,False,unknown,False,False,,,PRE-LABELLED_SILVER,crash,False,False,False,False,False,False,True,False,False,False,False
96,A-3276873,Source2,3,2017.0,29.73333333333333,D1_0_30,T2_medium,Right lane blocked and right hand shoulder blocked due to accident on I-75 Southbound at Exit 53B I-94.,crash,False,False,False,False,False,False,True,False,True,False,False,unknown,False,False,,,PRE-LABELLED_SILVER,crash,False,False,False,False,False,False,False,False,False,False,False
97,A-26607,Source2,2,2016.0,30.0,D1_0_30,T1_short,Delays due to accident on Shell Ave at Pacheco Blvd.,crash,False,False,False,False,False,False,False,False,False,False,False,unknown,False,False,,,PRE-LABELLED_SILVER,crash,False,False,False,False,False,False,False,False,False,False,False
98,A-3045471,Source2,3,2018.0,386.7166666666666,D5_361_1440,T3_long,Left lane blocked and left hand shoulder blocked due to accident on I-95 Southbound between Exits 58 58A 58B VA-620 Woods Edge Rd and Exit 54 VA-144 Temple Ave.,crash,False,False,False,False,False,False,True,False,True,False,False,unknown,False,False,,,PRE-LABELLED_SILVER,crash,False,False,False,False,False,False,False,False,False,False,False
99,A-5302341,Source1,4,2022.0,129.88333333333333,D4_121_360,T2_medium,Crash on I-95 southbound between Exit 1: CHICHESTER AVENUE and Delaware State Line. All lanes closed.,crash,False,False,False,False,False,False,True,True,True,False,False,unknown,False,False,,,PRE-LABELLED_SILVER,crash,False,False,False,False,False,False,False,True,False,False,False
100,A-3072391,Source2,3,2018.0,29.83333333333333,D1_0_30,T2_medium,Accident on I-64 Westbound at Exits 243A 243B US-60 Pocahontas Trl.,crash,False,False,False,False,False,False,False,False,False,False,False,unknown,False,False,,,PRE-LABELLED_SILVER,crash,False,False,False,False,False,False,False,False,False,False,False
101,A-4799366,Source1,2,2022.0,83.9,D3_61_120,T2_medium,Incident on US-322 WB near POST OFFICE RD Expect long delays.,unknown,False,False,False,False,False,False,False,False,False,False,False,unknown,False,True,,,PRE-LABELLED_SILVER,unknown,False,False,False,False,False,False,False,False,False,False,False
102,A-7327369,Source1,2,2019.0,111.93333333333334,D3_61_120,T1_short,At CA-202 - Accident.,crash,False,False,False,False,False,False,False,False,False,False,False,unknown,False,False,,,PRE-LABELLED_SILVER,crash,False,False,False,False,False,False,False,False,False,False,False
103,A-6453508,Source1,2,2021.0,146.51666666666668,D4_121_360,T2_medium,AT. [Notification] [CHP]-AV SO 10-98 .... UNIT HAD TO BREAK TO ANOTHER CALL .. NFD,unknown,False,False,False,False,False,False,False,False,False,False,False,unknown,False,False,,,PRE-LABELLED_SILVER,unknown,False,False,False,False,False,False,False,False,False,False,False
104,A-1833844,Source2,2,2019.0,61.766666666666666,D3_61_120,T1_short,Accident on 3rd Ave at Kalamath St. No recent updates.,crash,False,False,False,False,False,False,False,False,False,False,False,unknown,False,False,,,PRE-LABELLED_SILVER,crash,False,False,False,False,False,False,False,False,False,False,False
105,A-6339403,Source1,2,2021.0,121.55,D4_121_360,T2_medium,Slow traffic from Columbine Ct to Kingsgate Pl due to accident.,crash,False,False,False,False,False,False,False,False,False,False,False,unknown,False,False,,,PRE-LABELLED_SILVER,crash,False,False,False,False,False,False,False,False,False,False,False
106,A-4918314,Source1,2,2022.0,95.48333333333332,D3_61_120,T1_short,Incident on MOON LAKE RD near OCONEE BLVD Expect delays.,unknown,False,False,False,False,False,False,False,False,False,False,False,unknown,False,True,,,PRE-LABELLED_SILVER,unknown,False,False,False,False,False,False,False,False,False,False,False
107,A-2876171,Source2,3,2018.0,43.86666666666667,D2_31_60,T2_medium,Right hand shoulder blocked due to accident on I-95 Southbound at Heckscher Dr.,crash,False,False,False,False,False,False,True,False,False,False,False,unknown,False,False,,,PRE-LABELLED_SILVER,crash,False,False,False,False,False,False,False,False,False,False,False
108,A-7463072,Source1,4,2019.0,29.65,D1_0_30,T1_short,Closed at M-47/Midland Rd - Road closed due to accident.,crash,False,False,False,False,False,False,True,True,False,False,False,unknown,False,False,,,PRE-LABELLED_SILVER,crash,False,False,False,False,False,False,False,True,False,False,False
109,A-6312475,Source1,2,2021.0,142.41666666666666,D4_121_360,T2_medium,Stationary traffic on County Hwy-913 - FL-973 from SW 84th Ave to SW 54th St due to accident.,crash,False,False,False,False,False,False,False,False,False,False,False,unknown,False,False,,,PRE-LABELLED_SILVER,crash,False,False,False,False,False,False,False,False,False,False,False
110,A-3279059,Source2,2,2017.0,29.73333333333333,D1_0_30,T1_short,Accident on Swan Rd at Fort Lowell Rd.,crash,False,False,False,False,False,False,False,False,False,False,False,unknown,False,False,,,PRE-LABELLED_SILVER,crash,False,False,False,False,False,False,False,False,False,False,False
111,A-7018158,Source1,2,2020.0,52.583333333333336,D2_31_60,T1_short,At Pinole Valley Rd - Accident.,crash,False,False,False,False,False,False,False,False,False,False,False,unknown,False,False,,,PRE-LABELLED_SILVER,crash,False,False,False,False,False,False,False,False,False,False,False
112,A-4802579,Source1,2,2022.0,79.98333333333333,D3_61_120,T1_short,Incident on DAY AVE EB near MANOR ST Drive with caution.,unknown,False,False,False,False,False,False,False,False,False,False,False,unknown,False,False,,,PRE-LABELLED_SILVER,unknown,False,False,False,False,False,False,False,False,False,False,False
113,A-6213990,Source1,2,2021.0,225.0,D4_121_360,T2_medium,North of Clinton / Mile Marker 343 Heading West. The road is closed near Exit 343 (US-701).,unknown,False,False,False,False,False,False,False,False,True,False,False,unknown,False,False,,,PRE-LABELLED_SILVER,unknown,False,False,False,False,False,False,False,False,False,False,False
114,A-5646100,Source1,2,2021.0,56.0,D2_31_60,T2_medium,Slow traffic on Santa Ana Fwy S - I-5 S from Tustin Ranch Rd (I-5) to Jamboree Rd (I-5) due to accident.,crash,False,False,False,False,False,False,False,False,False,False,False,unknown,False,False,,,PRE-LABELLED_SILVER,crash,False,False,False,False,False,False,False,False,False,False,False
115,A-621417,Source2,3,2022.0,75.06666666666666,D3_61_120,T3_long,Right lane blocked and right hand shoulder blocked due to multi-vehicle crash on I-65 Northbound after Exit 79 Armory Dr.,crash,False,False,False,False,False,False,True,False,True,False,False,unknown,False,False,,,PRE-LABELLED_SILVER,crash,False,False,False,False,False,False,False,False,False,False,False
116,A-6513865,Source1,2,2021.0,92.15,D3_61_120,T2_medium,Incident on CONWAY RD near E MICHIGAN ST Road closed. Take alternate route.,unknown,False,False,False,False,False,False,True,True,False,False,False,unknown,False,False,,,PRE-LABELLED_SILVER,unknown,False,False,False,False,False,False,False,True,False,False,False
117,A-5096873,Source1,2,2021.0,128.11666666666667,D4_121_360,T2_medium,Route 429 Southbound is closed at 11Th Ave because of a crash. Reported 6:32 pm. (ID# 211231009),crash,False,False,False,False,False,False,False,False,False,False,False,unknown,False,True,,,PRE-LABELLED_SILVER,crash,False,False,False,False,False,False,False,False,False,False,False
118,A-3468749,Source1,2,2016.0,360.0,D4_121_360,T1_short,Between US-331/Exit 85 and SR-285/Exit 70 - Accident.,crash,False,False,False,False,False,False,False,False,True,False,False,unknown,False,False,,,PRE-LABELLED_SILVER,crash,False,False,False,False,False,False,False,False,False,False,False
119,A-265808,Source2,2,2016.0,29.58333333333333,D1_0_30,T2_medium,Right lane blocked and queueing traffic due to accident on US-290 Northwest Fwy Westbound at Tidwell Rd.,crash,False,False,False,False,False,False,True,False,False,False,False,unknown,False,False,,,PRE-LABELLED_SILVER,crash,False,False,False,False,False,False,False,False,False,False,False
120,A-1471329,Source2,2,2020.0,122.95,D4_121_360,T1_short,Accident on Freeway near Speedway Blvd.,crash,False,False,False,False,False,False,False,False,False,False,False,unknown,False,False,,,PRE-LABELLED_SILVER,crash,False,False,False,False,False,False,False,False,False,False,False
121,A-7770400,Source1,2,2019.0,29.616666666666667,D1_0_30,T1_short,At Alicia Pky/Exit 90 - Accident.,crash,False,False,False,False,False,False,False,False,True,False,False,unknown,False,False,,,PRE-LABELLED_SILVER,crash,False,False,False,False,False,False,False,False,False,False,False
122,A-1517990,Source2,3,2020.0,67.23333333333333,D3_61_120,T2_medium,Slow traffic and left lane blocked due to accident on I-94 Dan Ryan Expy Eastbound at I-90 Chicago Skyway.,crash,False,False,False,False,False,False,True,False,False,False,False,unknown,False,False,,,PRE-LABELLED_SILVER,crash,False,False,False,False,False,False,False,False,False,False,False
123,A-5687832,Source1,2,2021.0,483.8833333333333,D5_361_1440,T3_long,Stationary traffic on I-95 N from Ives Dairy Rd/203rd St/NE 16th Pl/Exit 16 (I-95) to FL-822/Sheridan St/Exit 21 (I-95) due to accident.,crash,False,False,False,False,False,False,False,False,True,False,False,unknown,False,False,,,PRE-LABELLED_SILVER,crash,False,False,False,False,False,False,False,False,False,False,False
124,A-5352201,Source1,2,2022.0,194.4333333333333,D4_121_360,T3_long,Stationary traffic on I-285 S - GA-407 E - I-285 E - GA-407 S from GA-141/Exit 31 (I-285) to GA-10/Memorial Dr/Exit 41 (I-285) due to accident.,crash,False,False,False,False,False,False,False,False,True,False,False,unknown,False,False,,,PRE-LABELLED_SILVER,crash,False,False,False,False,False,False,False,False,False,False,False
125,A-5744778,Source1,2,2021.0,143.01666666666668,D4_121_360,T2_medium,Slow traffic on I-65 N from Oxmoor Rd/Exit 256 (I-65) to Green Springs Ave/Exit 258 (I-65) due to accident.,crash,False,False,False,False,False,False,False,False,True,False,False,unknown,False,False,,,PRE-LABELLED_SILVER,crash,False,False,False,False,False,False,False,False,False,False,False
126,A-6085395,Source1,2,2021.0,165.0,D4_121_360,T2_medium,Incident on INDIAN SCHOOL RD WB near 7TH ST Left lane blocked.,unknown,False,False,False,False,False,False,True,False,False,False,False,unknown,False,False,,,PRE-LABELLED_SILVER,unknown,False,False,False,False,False,False,False,False,False,False,False
127,A-1425694,Source2,3,2020.0,47.7,D2_31_60,T2_medium,Lane blocked due to accident on I-94 Bishop Ford Fwy Eastbound at Exit 65 Stony Island Ext.,crash,False,False,False,False,False,False,True,False,True,False,False,unknown,False,False,,,PRE-LABELLED_SILVER,crash,False,False,False,False,False,False,False,False,False,False,False
128,A-2234610,Source2,4,2019.0,56.86666666666667,D2_31_60,T3_long,Slow traffic and reopened for through traffic due to earlier accident on I-70 Eastbound from Exit 169 US-6 to Exit 171 US-24.,crash,False,False,False,False,False,False,False,False,True,False,False,unknown,False,False,,,PRE-LABELLED_SILVER,crash,False,False,False,False,False,False,False,False,False,False,False
129,A-2198586,Source2,2,2019.0,89.8,D3_61_120,T1_short,Accident on Butler Pike at Susquehanna Rd.,crash,False,False,False,False,False,False,False,False,False,False,False,unknown,False,False,,,PRE-LABELLED_SILVER,crash,False,False,False,False,False,False,False,False,False,False,False
130,A-184347,Source2,3,2016.0,29.85,D1_0_30,T1_short,Accident on I-475 Northbound at Exit 13 Saginaw St.,crash,False,False,False,False,False,False,False,False,True,False,False,unknown,False,False,,,PRE-LABELLED_SILVER,crash,False,False,False,False,False,False,False,False,False,False,False
131,A-5693552,Source1,2,2021.0,161.75,D4_121_360,T1_short,Incident on HOMESTEAD AVE near HOUSE 17600 Expect delays.,unknown,False,False,False,False,False,False,False,False,False,False,False,unknown,False,True,,,PRE-LABELLED_SILVER,unknown,False,False,False,False,False,False,False,False,False,False,False
132,A-4480636,Source1,2,2022.0,26.966666666666665,D1_0_30,T2_medium,Stationary traffic on US-340 N - US-340 S from Rileyville Rd (US-340) to Bentonville Rd (US-340) due to accident.,crash,False,False,False,False,False,False,False,False,False,False,False,unknown,False,False,,,PRE-LABELLED_SILVER,crash,False,False,False,False,False,False,False,False,False,False,False
133,A-7058413,Source1,1,2020.0,90.0,D3_61_120,T2_medium,Between Jaguar Dr/S 2700 W and Jordan Landing Blvd - Accident. Right lane blocked.,crash,False,False,False,False,False,False,True,False,False,False,False,unknown,False,False,,,PRE-LABELLED_SILVER,crash,False,False,False,False,False,False,False,False,False,False,False
134,A-6831773,Source1,2,2020.0,570.3,D5_361_1440,T2_medium,Slow traffic from Spanish Quarter Cir to Glen Hollow Apartments Dr due to accident.,crash,False,False,False,False,False,False,False,False,False,False,False,unknown,False,False,,,PRE-LABELLED_SILVER,crash,False,False,False,False,False,False,False,False,False,False,False
135,A-6953331,Source1,2,2020.0,98.98333333333332,D3_61_120,T1_short,Incident on I-66 EB near MM 47 Expect delays.,unknown,False,False,False,False,False,False,False,False,False,False,False,unknown,False,True,,,PRE-LABELLED_SILVER,unknown,False,False,False,False,False,False,False,False,False,False,False
136,A-7685855,Source1,4,2017.0,360.0,D4_121_360,T1_short,Closed at MD-956/Patriot Pky - Road closed due to accident.,crash,False,False,False,False,False,False,True,True,False,False,False,unknown,False,False,,,PRE-LABELLED_SILVER,crash,False,False,False,False,False,False,False,True,False,False,False
137,A-7593654,Source1,2,2018.0,360.0,D4_121_360,T1_short,At Garfield Ave/Exit 23B - Accident.,crash,False,False,False,False,False,False,False,False,True,False,False,unknown,False,False,,,PRE-LABELLED_SILVER,crash,False,False,False,False,False,False,False,False,False,False,False
138,A-5836550,Source1,2,2021.0,126.11666666666666,D4_121_360,T2_medium,Slow traffic on FL-9 - FL-934 from NW 75th St to East Plz due to accident.,crash,False,False,False,False,False,False,False,False,False,False,False,unknown,False,False,,,PRE-LABELLED_SILVER,crash,False,False,False,False,False,False,False,False,False,False,False
139,A-2654342,Source2,3,2018.0,29.6,D1_0_30,T2_medium,Left-middle lane blocked due to accident on I-285 Northbound at Exits 38 39A 39B US-78 Stone Mountain Fwy.,crash,False,False,False,False,False,False,True,False,False,False,False,unknown,False,False,,,PRE-LABELLED_SILVER,crash,False,False,False,False,False,False,False,False,False,False,False
140,A-2858755,Source2,3,2018.0,29.33333333333333,D1_0_30,T3_long,Queueing traffic right lane blocked and right hand shoulder blocked due to accident on I-77 Northbound at Exit 132 White Pond Dr.,crash,False,False,False,False,False,False,True,False,True,False,False,unknown,False,False,,,PRE-LABELLED_SILVER,crash,False,False,False,False,False,False,False,False,False,False,False
141,A-3630739,Source1,2,2017.0,360.0,D4_121_360,T1_short,At Central Park Ave/Exit 5 - Accident.,crash,False,False,False,False,False,False,False,False,True,False,False,unknown,False,False,,,PRE-LABELLED_SILVER,crash,False,False,False,False,False,False,False,False,False,False,False
142,A-75195,Source2,2,2016.0,44.766666666666666,D2_31_60,T1_short,Accident on Ridge Route Rd at Pine Crest Pl.,crash,False,False,False,False,False,False,False,False,False,False,False,unknown,False,False,,,PRE-LABELLED_SILVER,crash,False,False,False,False,False,False,False,False,False,False,False
143,A-1884699,Source2,2,2019.0,59.583333333333336,D2_31_60,T2_medium,Lane blocked due to recovery work and accident on CA-99 Northbound near Exit 23 Ming Ave.,crash,False,False,False,False,False,False,True,False,True,False,False,true,False,False,,,PRE-LABELLED_SILVER,crash,False,False,False,False,False,False,False,False,False,False,False
144,A-793417,Source2,3,2021.0,28.133333333333333,D1_0_30,T2_medium,Lane blocked due to accident on I-95 Northbound between Exit 13 and Exit 17.,crash,False,False,False,False,False,False,True,False,True,False,False,unknown,False,False,,,PRE-LABELLED_SILVER,crash,False,False,False,False,False,False,False,False,False,False,False
145,A-4056033,Source1,2,2022.0,29.5,D1_0_30,T2_medium,Stationary traffic on CO-83 from CO-86 (CO-83) to E Bayou Gulch Rd (S Parker Rd/CO-83) due to accident.,crash,False,False,False,False,False,False,False,False,False,False,False,unknown,False,False,,,PRE-LABELLED_SILVER,crash,False,False,False,False,False,False,False,False,False,False,False
146,A-7020504,Source1,3,2020.0,15.0,D1_0_30,T2_medium,At Blackburn St/Haskell Ave/Exit 1 - Accident. Two lanes blocked.,crash,False,False,False,False,False,False,True,False,True,False,False,unknown,False,False,,,PRE-LABELLED_SILVER,crash,False,False,False,False,False,False,True,False,False,False,False
147,A-6026063,Source1,2,2021.0,80.01666666666667,D3_61_120,T2_medium,Incident on I-24 EB near MM 71 Right lane blocked. Expect delays.,unknown,False,False,False,False,False,False,True,False,False,False,False,unknown,False,True,,,PRE-LABELLED_SILVER,unknown,False,False,False,False,False,False,False,False,False,False,False
148,A-2021012,Source2,3,2019.0,63.9,D3_61_120,T2_medium,Right lane blocked due to accident on I-25 Southbound at Exit 181 I-25 Frontage.,crash,False,False,False,False,False,False,True,False,True,False,False,unknown,False,False,,,PRE-LABELLED_SILVER,crash,False,False,False,False,False,False,False,False,False,False,False
149,A-7152703,Source1,2,2020.0,45.0,D2_31_60,T1_short,At S Gettysburg Ave - Accident.,crash,False,False,False,False,False,False,False,False,False,False,False,unknown,False,False,,,PRE-LABELLED_SILVER,crash,False,False,False,False,False,False,False,False,False,False,False
150,A-7417414,Source1,4,2019.0,28.366666666666667,D1_0_30,T3_long,Closed between E Sauk Trl and US-41/Indianapolis Blvd - Road closed due to accident. Fallen power cables. Traffic problem. emergency vehicles at scene.,crash,False,False,False,False,False,False,True,True,False,False,False,unknown,True,False,,,PRE-LABELLED_SILVER,crash,False,False,False,False,False,False,False,True,False,False,False
151,A-5301983,Source1,2,2021.0,78.81666666666666,D3_61_120,T2_medium,Incident on CA-16 EB near MARIAH HEIGHTS RD Right shoulder closed.,unknown,False,False,False,False,False,False,False,False,False,False,False,unknown,False,False,,,PRE-LABELLED_SILVER,unknown,False,False,False,False,False,False,False,False,False,False,False
152,A-132485,Source2,2,2016.0,29.28333333333333,D1_0_30,T1_short,Accident on 125th St both ways at 86th Ave.,crash,False,False,False,False,False,False,False,False,False,False,False,unknown,False,False,,,PRE-LABELLED_SILVER,crash,False,False,False,False,False,False,False,False,False,False,False
153,A-1439450,Source2,3,2020.0,173.4,D4_121_360,T3_long,Right hand shoulder blocked due to accident on Florida's Tpke Northbound between Exit 116 FL-706 Indiantown Rd and Exit 133 FL-714 Martin Downs Blvd.,crash,False,False,False,False,False,False,True,False,True,False,False,unknown,False,False,,,PRE-LABELLED_SILVER,crash,False,False,False,False,False,False,False,False,False,False,False
154,A-311162,Source2,2,2016.0,44.7,D2_31_60,T1_short,Accident on 16th Ave at Jackson St.,crash,False,False,False,False,False,False,False,False,False,False,False,unknown,False,False,,,PRE-LABELLED_SILVER,crash,False,False,False,False,False,False,False,False,False,False,False
155,A-4137755,Source1,2,2022.0,80.33333333333333,D3_61_120,T1_short,Incident on N 6TH ST near E INDIAN SCHOOL RD Expect delays.,unknown,False,False,False,False,False,False,False,False,False,False,False,unknown,False,True,,,PRE-LABELLED_SILVER,unknown,False,False,False,False,False,False,False,False,False,False,False
156,A-1871938,Source2,4,2019.0,76.03333333333333,D3_61_120,T3_long,Right hand shoulder blocked due to accident on I-75 Southbound from Exits 267A 267B Canton Rd Conn to Exit 265 GA-120-ALT Marietta Pkwy.,crash,False,False,False,False,False,False,True,False,True,False,False,unknown,False,False,,,PRE-LABELLED_SILVER,crash,False,False,False,False,False,False,False,False,False,False,False
157,A-3691179,Source1,2,2023.0,132.38333333333333,D4_121_360,T2_medium,Accident on Marina Fwy - CA-90 W from I-405/San Diego Fwy (CA-90) to Centinela Ave (CA-90).,crash,False,False,False,False,False,False,False,False,False,False,False,unknown,False,False,,,PRE-LABELLED_SILVER,crash,False,False,False,False,False,False,False,False,False,False,False
158,A-7420856,Source1,4,2019.0,28.5,D1_0_30,T2_medium,Closed at US-30-BYP/NE Portland Hwy - Road closed due to accident.,crash,False,False,False,False,False,False,True,True,False,False,False,unknown,False,False,,,PRE-LABELLED_SILVER,crash,False,False,False,False,False,False,False,True,False,False,False
159,A-3394583,Source2,2,2017.0,29.8,D1_0_30,T1_short,Accident on Ramona Expy at Martin St.,crash,False,False,False,False,False,False,False,False,False,False,False,unknown,False,False,,,PRE-LABELLED_SILVER,crash,False,False,False,False,False,False,False,False,False,False,False
160,A-5671147,Source1,2,2021.0,55.0,D2_31_60,T2_medium,Stationary traffic on MD-295 N from Eastern Ave (MD-295) to MD-450 (MD-295) due to accident.,crash,False,False,False,False,False,False,False,False,False,False,False,unknown,False,False,,,PRE-LABELLED_SILVER,crash,False,False,False,False,False,False,False,False,False,False,False
161,A-2145909,Source2,2,2019.0,60.66666666666666,D3_61_120,T2_medium,Restrictions due to accident on Slaughter Ln at TX-1-LOOP Mopac Blvd.,crash,False,False,False,False,False,False,False,False,False,False,False,unknown,False,False,,,PRE-LABELLED_SILVER,crash,False,False,False,False,False,False,False,False,False,False,False
162,A-3940275,Source1,2,2022.0,75.38333333333334,D3_61_120,T2_medium,Incident on THOMAS DR near PERMAN PL Road closed. Take alternate route.,unknown,False,False,False,False,False,False,True,True,False,False,False,unknown,False,False,,,PRE-LABELLED_SILVER,unknown,False,False,False,False,False,False,False,True,False,False,False
163,A-6318144,Source1,2,2021.0,143.26666666666668,D4_121_360,T2_medium,Accident on Scotts Valley Rd/11th St (CA-29) from Lakeport Blvd/Todd Rd (CA-29) to CA-29 S.,crash,False,False,False,False,False,False,False,False,False,False,False,unknown,False,False,,,PRE-LABELLED_SILVER,crash,False,False,False,False,False,False,False,False,False,False,False
164,A-7277491,Source1,1,2020.0,448.9666666666666,D5_361_1440,T1_short,At Sandy Ridge Rd - Accident. One lane closed.,crash,False,False,False,False,False,False,True,False,False,False,False,unknown,False,False,,,PRE-LABELLED_SILVER,crash,False,False,False,False,False,False,True,False,False,False,False
165,A-2261253,Source2,3,2019.0,44.68333333333333,D2_31_60,T2_medium,#1 lane blocked due to accident on I-80 Westbound at Exits 39B 40 I-680.,crash,False,False,False,False,False,False,True,False,False,False,False,unknown,False,False,,,PRE-LABELLED_SILVER,crash,False,False,False,False,False,False,True,False,False,False,False
166,A-6136546,Source1,2,2021.0,99.95,D3_61_120,T1_short,Incident on US-101 SB near TEAGUE AVE Drive with caution.,unknown,False,False,False,False,False,False,False,False,False,False,False,unknown,False,False,,,PRE-LABELLED_SILVER,unknown,False,False,False,False,False,False,False,False,False,False,False
167,A-602656,Source2,1,2022.0,29.0,D1_0_30,T2_medium,Lane blocked due to crash on TX-360 Northbound at Euless Grapevine Rd.,crash,False,False,False,False,False,False,True,False,False,False,False,unknown,False,False,,,PRE-LABELLED_SILVER,crash,False,False,False,False,False,False,False,False,False,False,False
168,A-3479515,Source1,2,2016.0,360.0,D4_121_360,T1_short,At Panola Rd - Accident.,crash,False,False,False,False,False,False,False,False,False,False,False,unknown,False,False,,,PRE-LABELLED_SILVER,crash,False,False,False,False,False,False,False,False,False,False,False
169,A-526676,Source2,1,2022.0,28.9,D1_0_30,T3_long,Right hand shoulder blocked due to crash on I-70 Eastbound between Exit 147 Eby Creek Rd and Exit 157 CO-131 Bellyache Ridge Rd.,crash,False,False,False,False,False,False,True,False,True,False,False,unknown,False,False,,,PRE-LABELLED_SILVER,crash,False,False,False,False,False,False,False,False,False,False,False
170,A-2062067,Source2,2,2019.0,88.91666666666667,D3_61_120,T1_short,Accident on I-90 Westbound at 140th St.,crash,False,False,False,False,False,False,False,False,False,False,False,unknown,False,False,,,PRE-LABELLED_SILVER,crash,False,False,False,False,False,False,False,False,False,False,False
171,A-5770467,Source1,2,2021.0,525737.0,D6_over_1440,T2_medium,Construction on LA-3132 EB near LA-526 Road closed. Take alternate route.,roadwork,False,False,False,False,False,False,True,True,False,False,False,unknown,False,False,,,PRE-LABELLED_SILVER,unknown,False,False,False,False,False,False,False,True,False,False,False
172,A-6771257,Source1,2,2020.0,107.0,D3_61_120,T2_medium,Incident on I-75 SB near MM 54 Road closed. Take alternate route.,unknown,False,False,False,False,False,False,True,True,False,False,False,unknown,False,False,,,PRE-LABELLED_SILVER,unknown,False,False,False,False,False,False,False,True,False,False,False
173,A-3394004,Source2,2,2017.0,29.8,D1_0_30,T1_short,Accident on Houston Ave at Wrightwood St.,crash,False,False,False,False,False,False,False,False,False,False,False,unknown,False,False,,,PRE-LABELLED_SILVER,crash,False,False,False,False,False,False,False,False,False,False,False
174,A-3021778,Source2,2,2018.0,28.566666666666663,D1_0_30,T2_medium,Left lane blocked due to accident on US-35 Eastbound at I-675 .,crash,False,False,False,False,False,False,True,False,False,False,False,unknown,False,False,,,PRE-LABELLED_SILVER,crash,False,False,False,False,False,False,False,False,False,False,False
175,A-6469160,Source1,2,2021.0,124.0,D4_121_360,T1_short,Incident on FL-482 EB near I-4 Left lane blocked.,unknown,False,False,False,False,False,False,True,False,False,False,False,unknown,False,False,,,PRE-LABELLED_SILVER,unknown,False,False,False,False,False,False,False,False,False,False,False
176,A-6914932,Source1,2,2020.0,132.7,D4_121_360,T2_medium,I10 W EO CITRUS AVE FONT. PER 103 SAME AS EARLIER VEH - WIDE RHS,unknown,False,False,False,False,False,False,False,False,False,False,False,unknown,False,False,,,PRE-LABELLED_SILVER,unknown,False,False,False,False,False,False,False,False,False,False,False
177,A-5542338,Source1,2,2021.0,13.083333333333334,D1_0_30,T2_medium,Stationary traffic from Maj Deegan Expwy (I-87) exit [1C] to exit [1D] due to accident.,crash,False,False,False,False,False,False,False,False,True,False,False,unknown,False,False,,,PRE-LABELLED_SILVER,crash,False,False,False,False,False,False,False,False,False,False,False
178,A-3214932,Source2,3,2017.0,29.716666666666665,D1_0_30,T2_medium,Slow traffic due to accident on I-10 Eastbound at Exit 185 AZ-387 Pinal Ave.,crash,False,False,False,False,False,False,False,False,True,False,False,unknown,False,False,,,PRE-LABELLED_SILVER,crash,False,False,False,False,False,False,False,False,False,False,False
179,A-975909,Source3,2,2021.0,162.13333333333333,D4_121_360,T1_short,Accident on Avery St at Otis St.,crash,False,False,False,False,False,False,False,False,False,False,False,unknown,False,False,,,PRE-LABELLED_SILVER,crash,False,False,False,False,False,False,False,False,False,False,False
180,A-3135889,Source2,2,2017.0,44.65,D2_31_60,T2_medium,Lane blocked due to accident on Okatie Center Blvd from William Pope Dr to US-278 Fording Island Rd.,crash,False,False,False,False,False,False,True,False,False,False,False,unknown,False,False,,,PRE-LABELLED_SILVER,crash,False,False,False,False,False,False,False,False,False,False,False
181,A-3049464,Source2,3,2018.0,44.583333333333336,D2_31_60,T2_medium,Accident on I-80 Westbound at Exits 47 47A 47B Waterman Blvd.,crash,False,False,False,False,False,False,False,False,False,False,False,unknown,False,False,,,PRE-LABELLED_SILVER,crash,False,False,False,False,False,False,False,False,False,False,False
182,A-1476850,Source2,2,2020.0,27.633333333333333,D1_0_30,T1_short,Accident on Payne Ave at Nomad Ave.,crash,False,False,False,False,False,False,False,False,False,False,False,unknown,False,False,,,PRE-LABELLED_SILVER,crash,False,False,False,False,False,False,False,False,False,False,False
183,A-588918,Source2,1,2022.0,224.9833333333333,D4_121_360,T2_medium,Crash on Warwick Village Dr both ways at Woodbriar Apartments.,crash,False,False,False,False,False,False,False,False,False,False,False,unknown,False,False,,,PRE-LABELLED_SILVER,crash,False,False,False,False,False,False,False,False,False,False,False
184,A-6432545,Source1,2,2021.0,178.2,D4_121_360,T1_short,Incident on US-101 SB near I-280 Drive with caution.,unknown,False,False,False,False,False,False,False,False,False,False,False,unknown,False,False,,,PRE-LABELLED_SILVER,unknown,False,False,False,False,False,False,False,False,False,False,False
185,A-7250616,Source1,2,2020.0,53.016666666666666,D2_31_60,T1_short,At CA-242 - Accident.,crash,False,False,False,False,False,False,False,False,False,False,False,unknown,False,False,,,PRE-LABELLED_SILVER,crash,False,False,False,False,False,False,False,False,False,False,False
186,A-7772092,Source1,2,2019.0,29.48333333333333,D1_0_30,T1_short,At New Rd - Accident. Lane blocked.,crash,False,False,False,False,False,False,True,False,False,False,False,unknown,False,False,,,PRE-LABELLED_SILVER,crash,False,False,False,False,False,False,False,False,False,False,False
187,A-2917625,Source2,3,2018.0,44.71666666666667,D2_31_60,T2_medium,Left lane blocked due to accident on I-75 Southbound at Exit 210 FL-780 Fruitville Rd.,crash,False,False,False,False,False,False,True,False,True,False,False,unknown,False,False,,,PRE-LABELLED_SILVER,crash,False,False,False,False,False,False,False,False,False,False,False
188,A-4654669,Source1,2,2022.0,45.0,D2_31_60,T2_medium,Stationary traffic on Florin Rd from Franklin Blvd to Stockton Blvd due to accident.,crash,False,False,False,False,False,False,False,False,False,False,False,unknown,False,False,,,PRE-LABELLED_SILVER,crash,False,False,False,False,False,False,False,False,False,False,False
189,A-4074455,Source1,4,2022.0,120.0,D3_61_120,T1_short,The road is closed near Wilmoore Rd.,unknown,False,False,False,False,False,False,False,False,False,False,False,unknown,False,False,,,PRE-LABELLED_SILVER,unknown,False,False,False,False,False,False,False,False,False,False,False
190,A-1081013,Source2,2,2021.0,74.75,D3_61_120,T1_short,Accident on 14th St at Euclid St.,crash,False,False,False,False,False,False,False,False,False,False,False,unknown,False,False,,,PRE-LABELLED_SILVER,crash,False,False,False,False,False,False,False,False,False,False,False
191,A-3112743,Source2,2,2017.0,44.78333333333333,D2_31_60,T1_short,Accident on US-41 Broad St at Brookhaven Dr.,crash,False,False,False,False,False,False,False,False,False,False,False,unknown,False,False,,,PRE-LABELLED_SILVER,crash,False,False,False,False,False,False,False,False,False,False,False
192,A-1780488,Source2,3,2019.0,93.96666666666668,D3_61_120,T2_medium,Exit ramp from I-95 Northbound at Exit 54 to Temple Ave Eastbound lane blocked and shoulder blocked due to accident.,crash,False,False,False,False,False,False,True,False,True,False,False,unknown,False,False,,,PRE-LABELLED_SILVER,crash,False,False,False,False,False,False,False,False,True,False,False
193,A-7518277,Source1,2,2018.0,29.33333333333333,D1_0_30,T2_medium,Between CR-109/Weaver Lake Rd/Exit 215 and CR-30/95th Ave/Exit 213 - Accident.,crash,False,False,False,False,False,False,False,False,True,False,False,unknown,False,False,,,PRE-LABELLED_SILVER,crash,False,False,False,False,False,False,False,False,False,False,False
194,A-4475908,Source1,2,2022.0,39.5,D2_31_60,T4_very_long,Stationary traffic on I-95 S - US-1 S - Trans-Manhattan Expy W - US-9 S from Washington Bridge (Upper Level Split) (George Washington Bridge (Lower Level)/I-95) to Hudson Ter/Palisades Pkwy (George Washington Bridge (Lower Level)/I-95) due to accident.,crash,False,False,False,False,False,False,False,False,False,False,False,unknown,False,False,,,PRE-LABELLED_SILVER,crash,False,False,False,False,False,False,False,False,False,False,False
195,A-7615874,Source1,3,2018.0,360.0,D4_121_360,T1_short,At West Rd - Accident.,crash,False,False,False,False,False,False,False,False,False,False,False,unknown,False,False,,,PRE-LABELLED_SILVER,crash,False,False,False,False,False,False,False,False,False,False,False
196,A-7470106,Source1,2,2019.0,29.766666666666666,D1_0_30,T1_short,At SC-277/Exit 73 - Accident.,crash,False,False,False,False,False,False,False,False,True,False,False,unknown,False,False,,,PRE-LABELLED_SILVER,crash,False,False,False,False,False,False,False,False,False,False,False
197,A-6673656,Source1,2,2020.0,129.66666666666666,D4_121_360,T2_medium,Slow traffic on US-52 S - US-52 N from Wm Andre St (US-52) to Pumpkin Ridge Rd (US-52) due to accident.,crash,False,False,False,False,False,False,False,False,False,False,False,unknown,False,False,,,PRE-LABELLED_SILVER,crash,False,False,False,False,False,False,False,False,False,False,False
198,A-6924806,Source1,2,2020.0,137.06666666666666,D4_121_360,T2_medium,Crash on PA 581 eastbound at Exit 5: US 15 S - US 11/15 N GETTYSBURG\CAMP HILL. There is a lane restriction.,crash,False,False,False,False,False,False,False,False,True,False,False,unknown,False,False,,,PRE-LABELLED_SILVER,crash,False,False,False,False,False,False,False,False,False,False,False
199,A-2341919,Source2,2,2019.0,44.68333333333333,D2_31_60,T2_medium,HOV lane blocked due to accident on CA-22 Westbound before Exit 15 Town And Country Rd.,crash,False,False,False,False,False,False,True,False,True,False,False,unknown,False,False,,,PRE-LABELLED_SILVER,crash,False,False,False,False,False,False,False,False,False,False,False
200,A-3474758,Source1,2,2016.0,360.0,D4_121_360,T1_short,At M-3/Gratiot Ave/Exit 219 - Accident.,crash,False,False,False,False,False,False,False,False,True,False,False,unknown,False,False,,,PRE-LABELLED_SILVER,crash,False,False,False,False,False,False,False,False,False,False,False
201,A-2289334,Source2,3,2019.0,29.866666666666667,D1_0_30,T1_short,Accident on I-605 Northbound at Exit 18 Pellissier Pl.,crash,False,False,False,False,False,False,False,False,True,False,False,unknown,False,False,,,PRE-LABELLED_SILVER,crash,False,False,False,False,False,False,False,False,False,False,False
202,A-3014321,Source2,2,2018.0,29.816666666666663,D1_0_30,T1_short,Accident on Peoria Ave Southbound in Tulsa.,crash,False,False,False,False,False,False,False,False,False,False,False,unknown,False,False,,,PRE-LABELLED_SILVER,crash,False,False,False,False,False,False,False,False,False,False,False
203,A-3404792,Source2,2,2017.0,29.73333333333333,D1_0_30,T1_short,Accident on Mill Creek Rd at Mendenhall Mill Rd.,crash,False,False,False,False,False,False,False,False,False,False,False,unknown,False,False,,,PRE-LABELLED_SILVER,crash,False,False,False,False,False,False,False,False,False,False,False
204,A-3751392,Source1,2,2022.0,22.5,D1_0_30,T3_long,Stationary traffic on IL-132 from N Lewis Ave (Grand Ave/IL-132) to IL-131/N Green Bay Rd (Grand Ave/IL-132) due to accident.,crash,False,False,False,False,False,False,False,False,False,False,False,unknown,False,False,,,PRE-LABELLED_SILVER,crash,False,False,False,False,False,False,False,False,False,False,False
205,A-4353878,Source1,4,2022.0,161.0,D4_121_360,T4_very_long,State Route 49 eastbound in Robertson County - Crash at HAYWOOD FISHER RD. reported at 11:04 AM 4/1/2022 and estimated to be cleared by 1:00 PM 4/1/2022 (Central Time Zone). Eastbound traffic is affected with roadway closed. Westbound traffic is affected with roadway closed.,crash,False,False,False,False,False,False,False,False,False,False,False,unknown,False,True,,,PRE-LABELLED_SILVER,crash,False,False,False,False,False,False,False,False,False,False,False
206,A-1807132,Source2,2,2019.0,44.48333333333333,D2_31_60,T2_medium,Accident on Lasso Ter Southbound from Lake Park Dr to Wells Ln.,crash,False,False,False,False,False,False,False,False,False,False,False,unknown,False,False,,,PRE-LABELLED_SILVER,crash,False,False,False,False,False,False,False,False,False,False,False
207,A-4819093,Source1,2,2022.0,27.3,D1_0_30,T2_medium,Stationary traffic on MN-22 from Riverfront Dr N (MN-22) to E Hill St (MN-22) due to accident.,crash,False,False,False,False,False,False,False,False,False,False,False,unknown,False,False,,,PRE-LABELLED_SILVER,crash,False,False,False,False,False,False,False,False,False,False,False
208,A-2816992,Source2,3,2018.0,29.383333333333333,D1_0_30,T2_medium,Left hand shoulder closed due to accident on I-76 Eastbound at Exits 1C 1D US-130 Crescent Blvd.,crash,False,False,False,False,False,False,False,False,False,False,False,unknown,False,False,,,PRE-LABELLED_SILVER,crash,False,False,False,False,False,False,False,False,False,False,False
209,A-6360484,Source1,2,2021.0,253.9333333333333,D4_121_360,T4_very_long,On VA-3 in the County of Westmoreland in the vicinity of Trigger Ln; Rt. 683N/S (Westmoreland County); County/City/Town Line: WESTMORELAND CL/KING GEORGE CO motorists can expect delays due to a vehicle crash. All West lanes are closed. All East lanes are closed.,crash,False,False,False,False,False,False,True,True,False,False,False,unknown,False,True,,,PRE-LABELLED_SILVER,crash,False,False,False,False,False,False,False,False,False,False,False
210,A-2258016,Source2,2,2019.0,29.8,D1_0_30,T1_short,Accident on Jones Sausage Rd at Integrity Dr.,crash,False,False,False,False,False,False,False,False,False,False,False,unknown,False,False,,,PRE-LABELLED_SILVER,crash,False,False,False,False,False,False,False,False,False,False,False
211,A-5567129,Source1,2,2021.0,60.0,D2_31_60,T1_short,A crash has occurred use an alternate route.,crash,False,False,False,False,False,False,False,False,False,False,False,unknown,False,False,,,PRE-LABELLED_SILVER,crash,False,False,False,False,False,False,False,False,False,False,False
212,A-2962323,Source2,2,2018.0,59.75,D2_31_60,T1_short,Accident on SC-14 Main St at SC-101 Poinsett St.,crash,False,False,False,False,False,False,False,False,False,False,False,unknown,False,False,,,PRE-LABELLED_SILVER,crash,False,False,False,False,False,False,False,False,False,False,False
213,A-6231653,Source1,2,2021.0,356.6166666666667,D4_121_360,T2_medium,Slow traffic on G A Treakle Bdg - I-64 W - US-17 S from US-17/Exit 296 (I-64) to I-464/Exit 291 (I-64) due to accident.,crash,False,False,False,False,False,False,False,False,True,False,False,unknown,False,False,,,PRE-LABELLED_SILVER,crash,False,False,False,False,False,False,False,False,False,False,False
214,A-5492763,Source1,2,2021.0,122.65,D4_121_360,T2_medium,Slow traffic on TN-8 from Forest Ave to Manufacturers Rd / Velma St due to accident.,crash,False,False,False,False,False,False,False,False,False,False,False,unknown,False,False,,,PRE-LABELLED_SILVER,crash,False,False,False,False,False,False,False,False,False,False,False
215,A-6979748,Source1,4,2020.0,299.71666666666664,D4_121_360,T2_medium,Closed between I-635/US-75 and Town East Blvd/Exit 7 - Road closed due to accident. Roadwork.,crash,False,False,False,False,False,False,True,True,True,False,False,unknown,False,False,,,PRE-LABELLED_SILVER,crash,False,False,False,False,False,False,False,True,False,False,False
216,A-3397560,Source2,2,2017.0,44.333333333333336,D2_31_60,T2_medium,Lane blocked due to accident on Athol St both ways around Pine Ave.,crash,False,False,False,False,False,False,True,False,False,False,False,unknown,False,False,,,PRE-LABELLED_SILVER,crash,False,False,False,False,False,False,False,False,False,False,False
217,A-913438,Source2,3,2021.0,1616.95,D6_over_1440,T2_medium,Entry ramp to NJ-18 Northbound from NJ-79 Northbound closed due to fallen tree.,unknown,False,False,False,False,False,False,False,False,True,False,False,unknown,False,False,,,PRE-LABELLED_SILVER,unknown,False,False,False,False,False,False,False,False,True,False,False
218,A-6182047,Source1,2,2021.0,80.6,D3_61_120,T2_medium,Incident on MCCOURTNEY RD SB near THOROUGHBRED LOOP Drive with caution.,unknown,False,False,False,False,False,False,False,False,False,False,False,unknown,False,False,,,PRE-LABELLED_SILVER,unknown,False,False,False,False,False,False,False,False,False,False,False
219,A-1583492,Source2,2,2020.0,74.71666666666667,D3_61_120,T2_medium,Right hand shoulder blocked due to accident on I-680 Eastbound at Exit 2 Pacific St.,crash,False,False,False,False,False,False,True,False,True,False,False,unknown,False,False,,,PRE-LABELLED_SILVER,crash,False,False,False,False,False,False,False,False,False,False,False
220,A-5588478,Source1,2,2021.0,24.0,D1_0_30,T2_medium,Stationary traffic on VA-7 from Towlston Rd (VA-7) to Lewinsville Rd (VA-7) due to accident.,crash,False,False,False,False,False,False,False,False,False,False,False,unknown,False,False,,,PRE-LABELLED_SILVER,crash,False,False,False,False,False,False,False,False,False,False,False
221,A-1144210,Source3,2,2021.0,90.28333333333332,D3_61_120,T2_medium,Slow traffic due to earlier accident on US-101 Southbound after I-80. All lanes have been re-opened.,crash,False,False,False,False,False,False,False,False,False,False,False,unknown,False,False,,,PRE-LABELLED_SILVER,crash,False,False,False,False,False,False,False,False,False,False,False
222,A-1984521,Source2,2,2019.0,277.8833333333333,D4_121_360,T2_medium,Shoulder blocked due to accident on NC-147 Southbound at NC-55 Alston Ave.,crash,False,False,False,False,False,False,True,False,False,False,False,unknown,False,False,,,PRE-LABELLED_SILVER,crash,False,False,False,False,False,False,False,False,False,False,False
223,A-5035103,Source1,2,2022.0,4679.333333333333,D6_over_1440,T3_long,NYSTA - Statewide Ops.: crash on I-90 - NYS Thruway eastbound at Before Exit 49 (I-90) - Depew (Rte 78) starting 2:30 PM 09/29/2022 [CARS CAD-222720245],crash,False,False,False,False,False,False,False,False,True,False,False,unknown,False,False,,,PRE-LABELLED_SILVER,crash,False,False,False,False,False,False,False,False,False,False,False
224,A-3855594,Source1,2,2022.0,54.85,D2_31_60,T3_long,Slow traffic on Henry Hudson Pkwy S - NY-9A S from Riverside Dr (US-9/NY-9A) to 158th St/Exit 13 (NY-9A) due to accident.,crash,False,False,False,False,False,False,False,False,True,False,False,unknown,False,False,,,PRE-LABELLED_SILVER,crash,False,False,False,False,False,False,False,False,False,False,False
225,A-5672230,Source1,4,2021.0,584.4666666666667,D5_361_1440,T4_very_long,Between County Road 173 and County Road 175 (10 miles west of the Kim area) at Mile Point 401. Road closed expect delays due to a crash. Slower speeds are advised. Comment: Detour through CR 26 and CR 169 watch for crewsBetween County Road 175 and County Road 173 (10 miles west of the Kim area) at Mile Point 401. Road closed expect delays due to a crash. Slower speeds are advised. Comment: Detour through CR 26 and CR 169 watch for crews,crash,False,False,False,False,False,False,True,True,False,False,False,unknown,False,True,,,PRE-LABELLED_SILVER,crash,False,False,False,False,False,False,False,True,False,False,False
226,A-2403415,Source2,2,2018.0,29.75,D1_0_30,T1_short,Lane blocked due to accident on US-17 at CR-305 Bunnell Rd.,crash,False,False,False,False,False,False,True,False,False,False,False,unknown,False,False,,,PRE-LABELLED_SILVER,crash,False,False,False,False,False,False,False,False,False,False,False
227,A-7026810,Source1,1,2020.0,60.0,D2_31_60,T2_medium,At AL-119/Cahaba Valley Rd - Accident. Hard shoulder blocked.,crash,False,False,False,False,False,False,True,False,False,False,False,unknown,False,False,,,PRE-LABELLED_SILVER,crash,False,False,False,False,False,False,False,False,False,False,False
228,A-2745194,Source2,2,2018.0,43.85,D2_31_60,T2_medium,Accident on FL-618 Lee Roy Selmon Expy Westbound before Exit 13.,crash,False,False,False,False,False,False,False,False,True,False,False,unknown,False,False,,,PRE-LABELLED_SILVER,crash,False,False,False,False,False,False,False,False,False,False,False
229,A-5058836,Source1,2,2022.0,105.66666666666669,D3_61_120,T1_short,Incident on RT-22 SB near RT-149 Drive with caution.,unknown,False,False,False,False,False,False,False,False,False,False,False,unknown,False,False,,,PRE-LABELLED_SILVER,unknown,False,False,False,False,False,False,False,False,False,False,False
230,A-6886790,Source1,2,2020.0,141.9,D4_121_360,T1_short,Incident on I-210 EB near ALDER AVE Drive with caution.,unknown,False,False,False,False,False,False,False,False,False,False,False,unknown,False,False,,,PRE-LABELLED_SILVER,unknown,False,False,False,False,False,False,False,False,False,False,False
231,A-1460227,Source2,3,2020.0,80.11666666666666,D3_61_120,T2_medium,Right lane blocked due to accident on I-84 Eastbound at Exit 41 Main St.,crash,False,False,False,False,False,False,True,False,True,False,False,unknown,False,False,,,PRE-LABELLED_SILVER,crash,False,False,False,False,False,False,False,False,False,False,False
232,A-6806505,Source1,4,2020.0,18369.733333333334,D6_over_1440,T1_short,Closed road from Whitby Ave to Cedar Ave due to accident.,crash,False,False,False,False,False,False,False,False,False,False,False,unknown,False,False,,,PRE-LABELLED_SILVER,crash,False,False,False,False,False,False,False,False,False,False,False
233,A-4870539,Source1,2,2022.0,23.216666666666665,D1_0_30,T3_long,Stationary traffic on FL-423 from FL-528/Bee Line Expy (S John Young Pkwy) to Central Florida Pkwy (John Young Pkwy) due to accident.,crash,False,False,False,False,False,False,False,False,False,False,False,unknown,False,False,,,PRE-LABELLED_SILVER,crash,False,False,False,False,False,False,False,False,False,False,False
234,A-3815943,Source1,2,2022.0,34.016666666666666,D2_31_60,T2_medium,Stationary traffic from Valley View Ln (Marsh Ln) to I-635/Lyndon B Johnson Fwy (Marsh Ln) due to accident.,crash,False,False,False,False,False,False,False,False,False,False,False,unknown,False,False,,,PRE-LABELLED_SILVER,crash,False,False,False,False,False,False,False,False,False,False,False
235,A-7529135,Source1,2,2018.0,109.0,D3_61_120,T1_short,At Arlington St. - Accident.,crash,False,False,False,False,False,False,False,False,False,False,False,unknown,False,False,,,PRE-LABELLED_SILVER,crash,False,False,False,False,False,False,False,False,False,False,False
236,A-4399487,Source1,2,2022.0,77.73333333333333,D3_61_120,T1_short,Incident on CA-60 WB near MARKET ST Expect delays.,unknown,False,False,False,False,False,False,False,False,False,False,False,unknown,False,True,,,PRE-LABELLED_SILVER,unknown,False,False,False,False,False,False,False,False,False,False,False
237,A-5652856,Source1,2,2021.0,100.9,D3_61_120,T1_short,Incident on COURT ST near HOUSE 1000 Expect long delays.,unknown,False,False,False,False,False,False,False,False,False,False,False,unknown,False,True,,,PRE-LABELLED_SILVER,unknown,False,False,False,False,False,False,False,False,False,False,False
238,A-7720959,Source1,3,2019.0,29.65,D1_0_30,T1_short,At 104th Ave/Exit 221 - Accident.,crash,False,False,False,False,False,False,False,False,True,False,False,unknown,False,False,,,PRE-LABELLED_SILVER,crash,False,False,False,False,False,False,False,False,False,False,False
239,A-361722,Source2,2,2017.0,29.416666666666668,D1_0_30,T2_medium,Accident on GA-28 Washington Rd both ways around River Ridge Dr.,crash,False,False,False,False,False,False,False,False,False,False,False,unknown,False,False,,,PRE-LABELLED_SILVER,crash,False,False,False,False,False,False,False,False,False,False,False
240,A-5738045,Source1,2,2021.0,64.5,D3_61_120,T3_long,Stationary traffic on SC-253 from N Franklin Rd/Tindal Rd (W Blue Ridge Dr/SC-253) to SC-291/N Pleasantburg Dr (State Park Rd/SC-253) due to accident.,crash,False,False,False,False,False,False,False,False,False,False,False,unknown,False,False,,,PRE-LABELLED_SILVER,crash,False,False,False,False,False,False,False,False,False,False,False
241,A-6463306,Source1,2,2021.0,1749.3166666666666,D6_over_1440,T1_short,Incident on STONEWALL ST near HEARNE AVE Expect long delays.,unknown,False,False,False,False,False,False,False,False,False,False,False,unknown,False,True,,,PRE-LABELLED_SILVER,unknown,False,False,False,False,False,False,False,False,False,False,False
242,A-4013296,Source1,2,2022.0,730.4333333333333,D5_361_1440,T1_short,Incident on SW 120TH ST near SW 128TH CT Drive with caution.,unknown,False,False,False,False,False,False,False,False,False,False,False,unknown,False,False,,,PRE-LABELLED_SILVER,unknown,False,False,False,False,False,False,False,False,False,False,False
243,A-1098154,Source2,2,2021.0,31.15,D2_31_60,T2_medium,Exit ramp from I-5 Southbound at Exit 5A to Palm Ave shoulder blocked due to accident.,crash,False,False,False,False,False,False,True,False,True,False,False,unknown,False,False,,,PRE-LABELLED_SILVER,crash,False,False,False,False,False,False,False,False,True,False,False
244,A-1332037,Source2,2,2020.0,59.583333333333336,D2_31_60,T2_medium,Left lane closed due to accident on UT-126 1900 Northbound at UT-26 5300.,crash,False,False,False,False,False,False,True,False,False,False,False,unknown,False,False,,,PRE-LABELLED_SILVER,crash,False,False,False,False,False,False,True,False,False,False,False
245,A-3360341,Source2,3,2017.0,44.55,D2_31_60,T2_medium,Accident on I-87 Northbound between I-87 Exit 16 / US-6 and I-87 Exit 17 / NY-17K.,crash,False,False,False,False,False,False,False,False,True,False,False,unknown,False,False,,,PRE-LABELLED_SILVER,crash,False,False,False,False,False,False,False,False,False,False,False
246,A-554262,Source3,1,2022.0,65.16666666666667,D3_61_120,T1_short,Crash on CR-611 49th St at 39th Ave.,crash,False,False,False,False,False,False,False,False,False,False,False,unknown,False,False,,,PRE-LABELLED_SILVER,crash,False,False,False,False,False,False,False,False,False,False,False
247,A-1460670,Source2,3,2020.0,29.35,D1_0_30,T2_medium,Left lane blocked due to accident on I-278 Eastbound at Verrazano-Narrows Bridge upper level.,crash,False,False,False,False,False,False,True,False,False,False,False,unknown,False,False,,,PRE-LABELLED_SILVER,crash,False,False,False,False,False,False,False,False,False,False,False
248,A-559747,Source2,1,2022.0,29.78333333333333,D1_0_30,T1_short,Crash on WA-181 68th Ave Northbound at 196th St.,crash,False,False,False,False,False,False,False,False,False,False,False,unknown,False,False,,,PRE-LABELLED_SILVER,crash,False,False,False,False,False,False,False,False,False,False,False
249,A-7249942,Source1,2,2020.0,94.11666666666666,D3_61_120,T1_short,At Apollo St/Meeker Ave/Exit 34 - Accident.,crash,False,False,False,False,False,False,False,False,True,False,False,unknown,False,False,,,PRE-LABELLED_SILVER,crash,False,False,False,False,False,False,False,False,False,False,False
250,A-4162611,Source1,2,2022.0,79.25,D3_61_120,T2_medium,Incident on ROSEWOOD DR near GEORGE ROGERS BLVD Drive with caution.,unknown,False,False,False,False,False,False,False,False,False,False,False,unknown,False,False,,,PRE-LABELLED_SILVER,unknown,False,False,False,False,False,False,False,False,False,False,False
251,A-2951156,Source2,3,2018.0,29.666666666666668,D1_0_30,T1_short,Accident on I-680 Southbound at Exit 34 Bollinger Canyon Rd.,crash,False,False,False,False,False,False,False,False,True,False,False,unknown,False,False,,,PRE-LABELLED_SILVER,crash,False,False,False,False,False,False,False,False,False,False,False
252,A-1076125,Source2,2,2021.0,66.36666666666666,D3_61_120,T1_short,Accident on Hiawatha Dr at CR-23 Gary Ave.,crash,False,False,False,False,False,False,False,False,False,False,False,unknown,False,False,,,PRE-LABELLED_SILVER,crash,False,False,False,False,False,False,False,False,False,False,False
253,A-6344084,Source1,2,2021.0,182.05,D4_121_360,T1_short,Incident on DOGWOOD CLUB RD near PINE ST Expect delays.,unknown,False,False,False,False,False,False,False,False,False,False,False,unknown,False,True,,,PRE-LABELLED_SILVER,unknown,False,False,False,False,False,False,False,False,False,False,False
254,A-467025,Source2,2,2017.0,44.78333333333333,D2_31_60,T1_short,Accident on Chickasaw Trl at Lake Underhill Rd.,crash,False,False,False,False,False,False,False,False,False,False,False,unknown,False,False,,,PRE-LABELLED_SILVER,crash,False,False,False,False,False,False,False,False,False,False,False
255,A-7400630,Source1,2,2019.0,52.71666666666667,D2_31_60,T1_short,At Rose Hills Rd - Accident.,crash,False,False,False,False,False,False,False,False,False,False,False,unknown,False,False,,,PRE-LABELLED_SILVER,crash,False,False,False,False,False,False,False,False,False,False,False
256,A-5999362,Source1,2,2021.0,122.38333333333334,D4_121_360,T2_medium,Slow traffic on US-92 W - US-441 S - US-17 S from Stable Dr to Southwest Orange due to accident.,crash,False,False,False,False,False,False,False,False,False,False,False,unknown,False,False,,,PRE-LABELLED_SILVER,crash,False,False,False,False,False,False,False,False,False,False,False
257,A-6062528,Source1,2,2021.0,75.23333333333333,D3_61_120,T1_short,Incident on FL-25 near US-441 Drive with caution.,unknown,False,False,False,False,False,False,False,False,False,False,False,unknown,False,False,,,PRE-LABELLED_SILVER,unknown,False,False,False,False,False,False,False,False,False,False,False
258,A-6385276,Source1,2,2021.0,763.75,D5_361_1440,T2_medium,Slow traffic on FL-854 from I-95 (FL-854) to US-1/FL-5/Biscayne Blvd (FL-854) due to accident.,crash,False,False,False,False,False,False,False,False,False,False,False,unknown,False,False,,,PRE-LABELLED_SILVER,crash,False,False,False,False,False,False,False,False,False,False,False
259,A-3243822,Source2,2,2017.0,59.8,D2_31_60,T1_short,Accident on Presidents Dr at Titan Row.,crash,False,False,False,False,False,False,False,False,False,False,False,unknown,False,False,,,PRE-LABELLED_SILVER,crash,False,False,False,False,False,False,False,False,False,False,False
260,A-3878735,Source1,2,2022.0,90.0,D3_61_120,T3_long,Slow traffic on I-495 N from George Washington Memorial Pkwy/Exit 14 (Capital Beltway/I-495) to Cabin John Pkwy/Exit 40 (Capital Beltway/I-495) due to accident.,crash,False,False,False,False,False,False,False,False,True,False,False,unknown,False,False,,,PRE-LABELLED_SILVER,crash,False,False,False,False,False,False,False,False,False,False,False
261,A-4561738,Source1,2,2022.0,166.93333333333334,D4_121_360,T2_medium,Stationary traffic on CA-1 from Normandie Ave to Bixby Ave due to accident.,crash,False,False,False,False,False,False,False,False,False,False,False,unknown,False,False,,,PRE-LABELLED_SILVER,crash,False,False,False,False,False,False,False,False,False,False,False
262,A-2551665,Source2,2,2018.0,59.766666666666666,D2_31_60,T1_short,Accident on Susannah Ct near Susannah Dr.,crash,False,False,False,False,False,False,False,False,False,False,False,unknown,False,False,,,PRE-LABELLED_SILVER,crash,False,False,False,False,False,False,False,False,False,False,False
263,A-6817346,Source1,2,2020.0,66.0,D3_61_120,T2_medium,Stationary traffic from Dominican Dr / Cass St to 10th Ave N due to accident.,crash,False,False,False,False,False,False,False,False,False,False,False,unknown,False,False,,,PRE-LABELLED_SILVER,crash,False,False,False,False,False,False,False,False,False,False,False
264,A-5809402,Source1,2,2021.0,825.5,D5_361_1440,T2_medium,Slow traffic on San Bernardino Fwy E - I-10 E from Archibald Ave (I-10) to Milliken Ave (I-10) due to accident.,crash,False,False,False,False,False,False,False,False,False,False,False,unknown,False,False,,,PRE-LABELLED_SILVER,crash,False,False,False,False,False,False,False,False,False,False,False
265,A-1891997,Source2,4,2019.0,89.41666666666667,D3_61_120,T2_medium,Accident on I-95 Southbound from Exit 7 6th Ave to Exits 4 4B FL-112-TOLL Airport Expy. Express lanes blocked.,crash,False,False,False,False,False,False,True,False,True,False,False,unknown,False,False,,,PRE-LABELLED_SILVER,crash,False,False,False,False,False,False,True,False,False,False,False
266,A-4953189,Source1,2,2022.0,132.5,D4_121_360,T3_long,Slow traffic on I-95 N from Columbus Blvd/Exit 20 (Philadelphia) (East) (I-95) to Delaware Ave/Exit 23 (I-95) due to accident.,crash,False,False,False,False,False,False,False,False,True,False,False,unknown,False,False,,,PRE-LABELLED_SILVER,crash,False,False,False,False,False,False,False,False,False,False,False
267,A-2701018,Source2,2,2018.0,29.716666666666665,D1_0_30,T1_short,Accident on Saint Augustine Dr at Briggs St.,crash,False,False,False,False,False,False,False,False,False,False,False,unknown,False,False,,,PRE-LABELLED_SILVER,crash,False,False,False,False,False,False,False,False,False,False,False
268,A-2462757,Source2,3,2018.0,29.666666666666668,D1_0_30,T2_medium,Right lane blocked due to accident on I-20 Eastbound at County Hwy-10 Holley Springs Ln.,crash,False,False,False,False,False,False,True,False,False,False,False,unknown,False,False,,,PRE-LABELLED_SILVER,crash,False,False,False,False,False,False,False,False,False,False,False
269,A-1841104,Source2,2,2019.0,76.9,D3_61_120,T2_medium,Right hand shoulder blocked due to accident on I-75 Northbound at Exit 93 US-24 Dixie Hwy.,crash,False,False,False,False,False,False,True,False,True,False,False,unknown,False,False,,,PRE-LABELLED_SILVER,crash,False,False,False,False,False,False,False,False,False,False,False
270,A-7077883,Source1,2,2020.0,30.0,D1_0_30,T1_short,At Westover Roberts Rd - Accident.,crash,False,False,False,False,False,False,False,False,False,False,False,unknown,False,False,,,PRE-LABELLED_SILVER,crash,False,False,False,False,False,False,False,False,False,False,False
271,A-7533614,Source1,2,2018.0,240.0,D4_121_360,T1_short,At US-26/Sunset Hwy (North) - Accident.,crash,False,False,False,False,False,False,False,False,False,False,False,unknown,False,False,,,PRE-LABELLED_SILVER,crash,False,False,False,False,False,False,False,False,False,False,False
272,A-3457176,Source1,2,2017.0,361.48333333333335,D5_361_1440,T2_medium,Between Pennsylvania Ave and Oxford Valley Rd - Accident. Lane blocked.,crash,False,False,False,False,False,False,True,False,False,False,False,unknown,False,False,,,PRE-LABELLED_SILVER,crash,False,False,False,False,False,False,False,False,False,False,False
273,A-1990002,Source2,2,2019.0,59.23333333333333,D2_31_60,T2_medium,Two lanes blocked due to accident on US-75 Northbound between US-75 Exits 4 4B 5A 5B 6 and Forest Ln.,crash,False,False,False,False,False,False,True,False,False,False,False,unknown,False,False,,,PRE-LABELLED_SILVER,crash,False,False,False,False,False,False,True,False,False,False,False
274,A-3563817,Source1,3,2017.0,372.51666666666665,D5_361_1440,T2_medium,Between Cherry Ave/Exit 61 and I-15 - Accident. Right lane blocked.,crash,False,False,False,False,False,False,True,False,True,False,False,unknown,False,False,,,PRE-LABELLED_SILVER,crash,False,False,False,False,False,False,False,False,False,False,False
275,A-3442126,Source1,3,2016.0,6011.233333333334,D6_over_1440,T1_short,At IA-28/IA-401/Merle Hay/Exit 131 - Accident. Lane closed.,crash,False,False,False,False,False,False,True,False,True,False,False,unknown,False,False,,,PRE-LABELLED_SILVER,crash,False,False,False,False,False,False,True,False,False,False,False
276,A-4811758,Source1,4,2022.0,75.03333333333333,D3_61_120,T4_very_long,On VA-122 in the County of Bedford in the vicinity of Bearcreek Loop; Chestnut Fork Rd; Custer Ln; Davis Mill Ln; Dozer Ln; Fosters Valley Rd; Moneta Rd; Scotts Store Rd; Shades Branch Ln; Shingle Block R motorists can expect delays due to a vehicle crash. All south lanes are closed.,crash,False,False,False,False,False,False,False,False,False,False,False,unknown,False,True,,,PRE-LABELLED_SILVER,crash,False,False,False,False,False,False,False,False,False,False,False
277,A-6913038,Source1,2,2020.0,137.63333333333333,D4_121_360,T2_medium,Accident from Cattaraugus Ave (S Robertson Blvd) to I-10/National Blvd (S Robertson Blvd).,crash,False,False,False,False,False,False,False,False,False,False,False,unknown,False,False,,,PRE-LABELLED_SILVER,crash,False,False,False,False,False,False,False,False,False,False,False
278,A-3190901,Source2,2,2017.0,29.83333333333333,D1_0_30,T1_short,Accident on Wisner St at Canterbury Ln.,crash,False,False,False,False,False,False,False,False,False,False,False,unknown,False,False,,,PRE-LABELLED_SILVER,crash,False,False,False,False,False,False,False,False,False,False,False
279,A-2577595,Source2,2,2018.0,29.83333333333333,D1_0_30,T2_medium,Accident on US-90 Alt Old Spanish Trl at William G Harvin Blvd.,crash,False,False,False,False,False,False,False,False,False,False,False,unknown,False,False,,,PRE-LABELLED_SILVER,crash,False,False,False,False,False,False,False,False,False,False,False
280,A-7027569,Source1,4,2020.0,43.05,D2_31_60,T1_short,Closed at Mt Vernon Ave - Road closed due to accident.,crash,False,False,False,False,False,False,True,True,False,False,False,unknown,False,False,,,PRE-LABELLED_SILVER,crash,False,False,False,False,False,False,False,True,False,False,False
281,A-1926327,Source2,3,2019.0,542.55,D5_361_1440,T1_short,Accident on I-40 Eastbound at Exit 39 Giant Xing.,crash,False,False,False,False,False,False,False,False,True,False,False,unknown,False,False,,,PRE-LABELLED_SILVER,crash,False,False,False,False,False,False,False,False,False,False,False
282,A-7008585,Source1,2,2020.0,185.0833333333333,D4_121_360,T1_short,At Quinton Canyon Rd/Exit 123 - Accident.,crash,False,False,False,False,False,False,False,False,True,False,False,unknown,False,False,,,PRE-LABELLED_SILVER,crash,False,False,False,False,False,False,False,False,False,False,False
283,A-5910430,Source1,2,2021.0,75.08333333333333,D3_61_120,T2_medium,Incident on RICHARDSON RD near CLIFFORD AVE Drive with caution.,unknown,False,False,False,False,False,False,False,False,False,False,False,unknown,False,False,,,PRE-LABELLED_SILVER,unknown,False,False,False,False,False,False,False,False,False,False,False
284,A-4835996,Source1,2,2022.0,79.0,D3_61_120,T2_medium,Slow traffic on I-210 E - Foothill Fwy E from Sunflower Ave (I-210) to CA-57/CA-210 (I-210) due to accident.,crash,False,False,False,False,False,False,False,False,False,False,False,unknown,False,False,,,PRE-LABELLED_SILVER,crash,False,False,False,False,False,False,False,False,False,False,False
285,A-3425208,Source1,3,2016.0,360.0,D4_121_360,T1_short,At Parker Rd - Accident.,crash,False,False,False,False,False,False,False,False,False,False,False,unknown,False,False,,,PRE-LABELLED_SILVER,crash,False,False,False,False,False,False,False,False,False,False,False
286,A-2905925,Source2,3,2018.0,44.766666666666666,D2_31_60,T1_short,Accident on I-394 Eastbound at Exit 7 Penn Ave.,crash,False,False,False,False,False,False,False,False,True,False,False,unknown,False,False,,,PRE-LABELLED_SILVER,crash,False,False,False,False,False,False,False,False,False,False,False
287,A-3804516,Source1,2,2022.0,77.63333333333334,D3_61_120,T1_short,Incident on E MONTAGUE RD near 13TH ST Drive with caution.,unknown,False,False,False,False,False,False,False,False,False,False,False,unknown,False,False,,,PRE-LABELLED_SILVER,unknown,False,False,False,False,False,False,False,False,False,False,False
288,A-5903885,Source1,2,2021.0,61.6,D3_61_120,T2_medium,Slow traffic on FL-986 from SW 55th Ave to S Red Rd / SW 74th Ter due to accident.,crash,False,False,False,False,False,False,False,False,False,False,False,unknown,False,False,,,PRE-LABELLED_SILVER,crash,False,False,False,False,False,False,False,False,False,False,False
289,A-6606385,Source1,2,2020.0,100.78333333333332,D3_61_120,T1_short,Incident on EL CENTRO RD NB near ARENA BLVD Expect delays.,unknown,False,False,False,False,False,False,False,False,False,False,False,unknown,False,True,,,PRE-LABELLED_SILVER,unknown,False,False,False,False,False,False,False,False,False,False,False
290,A-1520964,Source2,2,2020.0,100.06666666666666,D3_61_120,T2_medium,Right lane blocked due to accident on Southern Pkwy Eastbound at Exit 18 Eagle Ave.,crash,False,False,False,False,False,False,True,False,True,False,False,unknown,False,False,,,PRE-LABELLED_SILVER,crash,False,False,False,False,False,False,False,False,False,False,False
291,A-2531106,Source2,2,2018.0,29.83333333333333,D1_0_30,T1_short,Accident on Illinois Ave at Hampton Rd.,crash,False,False,False,False,False,False,False,False,False,False,False,unknown,False,False,,,PRE-LABELLED_SILVER,crash,False,False,False,False,False,False,False,False,False,False,False
292,A-1388758,Source2,3,2020.0,44.65,D2_31_60,T2_medium,Right lane blocked due to accident on I-294 Tri-State Tollway Southbound at I-290.,crash,False,False,False,False,False,False,True,False,False,False,False,unknown,False,False,,,PRE-LABELLED_SILVER,crash,False,False,False,False,False,False,False,False,False,False,False
293,A-3945709,Source1,2,2022.0,79.36666666666666,D3_61_120,T2_medium,Incident on GOLDEN EAGLE DR near DUANESBURG ST Drive with caution.,unknown,False,False,False,False,False,False,False,False,False,False,False,unknown,False,False,,,PRE-LABELLED_SILVER,unknown,False,False,False,False,False,False,False,False,False,False,False
294,A-3304702,Source2,3,2017.0,43.98333333333333,D2_31_60,T1_short,Accident on I-75 Southbound before Exit 341.,crash,False,False,False,False,False,False,False,False,True,False,False,unknown,False,False,,,PRE-LABELLED_SILVER,crash,False,False,False,False,False,False,False,False,False,False,False
295,A-7102644,Source1,2,2020.0,60.0,D2_31_60,T1_short,At Scottsdale Rd/Exit 34 - Accident.,crash,False,False,False,False,False,False,False,False,True,False,False,unknown,False,False,,,PRE-LABELLED_SILVER,crash,False,False,False,False,False,False,False,False,False,False,False
296,A-7728193,Source1,2,2019.0,29.8,D1_0_30,T2_medium,At Sharon Rd/Exit 15 - Accident. Right lane closed. Traffic problem.,crash,False,False,False,False,False,False,True,False,True,False,False,unknown,False,False,,,PRE-LABELLED_SILVER,crash,False,False,False,False,False,False,True,False,False,False,False
297,A-284283,Source2,2,2016.0,30.0,D1_0_30,T1_short,Accident on Ley Rd at Weaver Rd.,crash,False,False,False,False,False,False,False,False,False,False,False,unknown,False,False,,,PRE-LABELLED_SILVER,crash,False,False,False,False,False,False,False,False,False,False,False
298,A-4122488,Source1,2,2022.0,119.66666666666669,D3_61_120,T1_short,Incident on MICHIGAN AVE near SO Drive with caution.,unknown,False,False,False,False,False,False,False,False,False,False,False,unknown,False,False,,,PRE-LABELLED_SILVER,unknown,False,False,False,False,False,False,False,False,False,False,False
299,A-4839413,Source1,2,2022.0,73.0,D3_61_120,T2_medium,Stationary traffic on Bayshore Fwy N - US-101 N from exit [397] to exit [399A] due to accident.,crash,False,False,False,False,False,False,False,False,True,False,False,unknown,False,False,,,PRE-LABELLED_SILVER,crash,False,False,False,False,False,False,False,False,False,False,False
300,A-2944269,Source2,2,2018.0,29.883333333333333,D1_0_30,T1_short,Accident on US-60 Williamsburg Rd at Millers Ln.,crash,False,False,False,False,False,False,False,False,False,False,False,unknown,False,False,,,PRE-LABELLED_SILVER,crash,False,False,False,False,False,False,False,False,False,False,False
