State,count,mean,median,standard_deviation,minimum,maximum,q10,q25,q75,q90,q95,q99,iqr,mean_median_ratio
AL,6245,86.10820389645049,59.8,100.12238082256725,9.5,1545.0,29.45,29.783333333333335,105.0,149.7,230.94666666666646,462.5366666666625,75.21666666666667,1.4399365200075334
AR,1196,109.73267837235228,78.525,110.71862580323429,10.5,1590.5,29.633333333333333,74.97916666666667,127.40833333333333,187.825,265.8125,498.9199999999994,52.42916666666666,1.397423474974241
AZ,10022,120.20495077496174,64.96666666666667,222.02820251288705,5.5,6255.0,29.516666666666666,29.833333333333332,118.625,260.2966666666663,360.0,1491.1596666666667,88.79166666666667,1.8502557841194727
CA,101909,119.36460126191014,71.75,1811.1646529998845,5.5,525599.9833333333,29.55,32.1,129.01666666666668,266.6933333333332,360.0,651.0,96.91666666666669,1.6636181360544966
CO,5407,110.32816102583072,46.75,1229.8526242133896,6.5,89880.0,29.416666666666668,30.0,99.49166666666667,211.0333333333334,360.0,404.20633333333285,69.49166666666667,2.359960663654133
CT,4060,128.942052545156,79.275,137.793900425498,6.0,1483.5833333333333,29.316666666666666,36.6,146.625,360.0,360.0,606.8336666666659,110.025,1.6265159576809334
DC,1018,326.553356254093,78.0,6475.389952506887,6.0,206662.0,29.285,44.45,119.9375,344.45000000000033,362.7999999999997,812.9323333333335,75.4875,4.1865814904370895
DE,817,2446.66268869849,59.9,36352.18060894569,7.0,728970.6,29.22,29.766666666666666,84.4,197.09666666666652,360.0,1489.3500000000001,54.63333333333334,40.84578779129366
FL,49463,141.92284839172714,75.88333333333334,305.8463551416112,6.0,16675.883333333335,29.333333333333332,44.11666666666667,132.55,360.0,489.8833333333333,898.2473333333326,88.43333333333334,1.8702769390519718
GA,10230,107.92188986640599,49.96666666666667,1278.6296941321916,7.0,128864.91666666667,29.366666666666667,29.716666666666665,91.0,263.10000000000036,360.0,423.3136666666646,61.28333333333333,2.1598777158053233
IA,1569,867.7908859145953,60.0,13261.607669180792,11.5,341579.0,29.13,29.683333333333334,100.35,343.7166666666669,360.0,963.0599999999963,70.66666666666666,14.463181431909922
ID,617,434.80145867098867,96.05,5812.274827164142,13.0,143960.36666666667,29.366666666666667,59.3,149.46666666666667,360.0,672.979999999998,1853.3620000000137,90.16666666666667,4.526824140249752
IL,10447,107.76681982068216,45.93333333333333,448.40575188283333,8.0,44105.71666666667,29.383333333333333,29.766666666666666,95.57499999999999,360.0,360.0,360.0,65.80833333333332,2.3461571804212373
IN,3968,263.5207997311828,59.45,8445.113580623478,11.2,526835.4833333333,29.4,29.8,118.525,300.36500000000024,360.0,445.7561666666646,88.72500000000001,4.432645916420232
KS,1193,157.9321458507963,75.38333333333334,386.9670916556806,6.0,10800.0,29.4,33.5,134.33333333333334,360.0,360.0,1485.2606666666666,100.83333333333334,2.0950538914542953
KY,2072,152.70661196911195,45.0,2219.474316540236,11.5,73086.0,29.3,29.683333333333334,76.08333333333333,203.85500000000008,360.0,360.0,46.39999999999999,3.3934802659802656
LA,8772,12598.937332801337,64.19166666666666,79973.46018093782,10.916666666666666,527173.0,29.533333333333335,29.883333333333333,115.5,239.64000000000007,1518.1299999999999,525705.0,85.61666666666667,196.27060624901475
MA,3886,64.00150540401441,44.95,68.31170002921924,14.5,1058.1833333333334,29.35,29.716666666666665,62.420833333333334,94.90833333333333,158.89583333333331,360.0,32.704166666666666,1.423837717553157
MD,8069,112.91918866443591,76.53333333333333,203.2924504360165,6.0,11082.916666666666,29.333333333333332,34.96666666666667,124.9,297.96666666666664,360.0,477.1866666666665,89.93333333333334,1.4754249389952427
ME,202,153.77211221122113,59.65833333333333,175.81505626966398,16.0,1485.0,29.266666666666666,29.5375,360.0,360.0,360.0,360.0,330.4625,2.577546230667207
MI,9776,96.85684328968904,44.766666666666666,528.6076517421589,6.5,37093.21666666667,29.4,29.75,92.23333333333333,225.96666666666667,360.0,360.0,62.483333333333334,2.1635929253095094
MN,11026,122.95135286293005,76.98333333333333,1025.2828069760485,6.0,84692.83333333333,29.466666666666665,38.962500000000006,122.28333333333333,194.16666666666666,360.0,360.85416666666663,83.32083333333333,1.597116512616541
MO,4513,112.92990988994757,69.0,246.09454398099348,4.0,10227.033333333333,29.416666666666668,30.0,104.73333333333333,360.0,360.0,360.0,74.73333333333333,1.6366653607238777
MS,885,127.70092278719397,64.7,346.22091871124366,7.5,7860.0,29.423333333333336,29.75,114.08333333333333,360.0,360.0,750.242666666666,84.33333333333333,1.9737391466336007
MT,1440,265.0542361111111,96.0,1106.5154068413879,9.0,27592.95,43.400000000000006,77.55,162.32500000000002,360.0,1490.3533333333332,1689.2796666666636,84.77500000000002,2.7609816261574074
NC,19864,106.84491626392804,60.0,155.8802498283079,7.0,10903.383333333333,29.566666666666666,29.85,121.4375,240.0,360.0,701.6899999999997,91.5875,1.7807486043988008
ND,190,115.31929824561404,101.28333333333333,54.65495063701516,13.5,480.0,75.0,75.01666666666667,162.625,175.10166666666666,180.1275,190.7019999999999,87.60833333333333,1.138581190511246
NE,1854,137.34756382596188,44.5,2537.857442474406,12.383333333333333,109081.88333333333,29.5,29.766666666666666,59.75,104.55333333333334,239.36749999999984,1485.05,29.983333333333334,3.0864621084485817
NH,631,127.20993132593766,59.61666666666667,145.690113691667,11.483333333333333,1439.0,29.383333333333333,29.7,176.39166666666668,360.0,360.0,405.10333333333347,146.6916666666667,2.13379812120667
NJ,7935,251.29332913253518,75.58333333333333,11674.260800200365,7.0,1039752.0833333334,29.35,30.0,131.775,360.0,360.0,533.1623333333318,101.775,3.3247187977843686
NM,605,102.99112947658402,48.06666666666667,143.0249007432823,11.0,1503.8166666666666,29.35,29.716666666666665,93.01666666666667,288.5666666666667,360.0,616.0,63.3,2.1426725966002222
NV,1223,1447.4330198964294,75.06666666666666,45128.79734446658,10.0,1578299.5666666667,29.533333333333335,35.0,148.375,360.0,360.0,1283.6133333333305,113.375,19.28196740536984
NY,20101,368.1120823176293,64.96666666666667,22455.142616524827,5.0,2236405.75,29.45,30.0,127.26666666666667,287.71666666666664,360.0,761.1166666666667,97.26666666666667,5.6661685323390865
OH,7204,244.32717471774941,51.95,6212.235290822855,10.0,338600.6666666667,29.433333333333334,29.816666666666666,89.15416666666667,360.0,360.0,407.76000000000204,59.337500000000006,4.703121746251192
OK,5167,111.52549835494484,45.016666666666666,268.30601266397923,15.0,4483.983333333334,29.566666666666666,29.716666666666665,77.53333333333333,137.76000000000002,360.0,1547.3336666666667,47.81666666666666,2.4774268423904817
OR,10474,666.2166205206543,165.0,11787.434727073669,7.0,790283.7,43.983333333333334,76.55,240.0,360.0,509.354166666668,3788.8373333333343,163.45,4.0376764880039655
PA,17047,193.36977865118007,76.03333333333333,6448.841332687398,2.5,576183.45,29.5,30.0,121.76666666666667,200.98,360.0,685.7520000000004,91.76666666666667,2.5432237437682605
RI,1068,91.05259051186017,44.68333333333333,116.30637047258472,11.6,1297.0,29.295,29.616666666666667,74.7,360.0,360.0,360.0,45.083333333333336,2.037730485159124
SC,22691,95.04551363976907,59.8,925.273584429198,7.0,119519.98333333334,29.716666666666665,44.8,82.14166666666668,140.68333333333334,199.28333333333333,374.8199999999963,37.34166666666668,1.5893898601968073
SD,17,277.91960784313727,179.13333333333333,307.75622247721935,28.666666666666668,1124.0,29.18,111.25,193.75,729.8266666666668,910.4533333333331,1081.2906666666665,82.5,1.5514678517480682
TN,9777,99.31210323548464,61.6,178.58065229622696,5.5,11122.233333333334,29.516666666666666,29.85,107.0,188.39666666666645,360.0,609.866666666666,77.15,1.6122094681085168
TX,34925,92.0505072774994,45.583333333333336,137.33911192691687,6.0,11359.933333333332,29.5,29.8,90.31666666666666,193.1300000000001,360.0,558.8413333333349,60.516666666666666,2.0193895563619613
UT,5837,107.48979213066072,64.0,192.45961863840787,8.0,6674.0,29.433333333333334,45.68333333333333,98.83333333333333,201.1266666666668,360.0,797.6380000000001,53.15,1.6795280020415737
VA,16856,111.64654821230818,75.03333333333333,653.1278208024879,6.0,56490.0,29.416666666666668,30.0,122.05,197.0,360.0,594.9500000000007,92.05,1.4879593275740761
VT,56,127.68869047619047,59.541666666666664,128.43904285050937,28.533333333333335,370.21666666666664,29.416666666666668,29.766666666666666,257.48333333333335,360.0,360.0,364.5975,227.7166666666667,2.144526642007398
WA,6601,126.43132858657778,45.0,212.93331552912576,9.0,1772.3166666666666,29.383333333333333,29.733333333333334,114.88333333333334,360.0,360.0,1348.0,85.15,2.8095850797017285
WI,2057,121.69272403176146,61.28333333333333,155.43606359433056,8.0,4017.45,29.310000000000002,29.7,130.73333333333332,360.0,360.0,371.58000000000004,101.03333333333332,1.9857393097377447
WV,673,260.5881129271917,134.5,331.88350619688447,10.0,1483.8166666666666,29.583333333333332,93.0,343.23333333333335,494.4466666666669,1308.2066666666665,1467.7433333333333,250.23333333333335,1.937458088678005
WY,182,255.7322344322344,99.575,413.8332846694674,4.0,1502.3833333333334,29.451666666666664,75.09583333333333,201.5,384.3000000000002,1485.0833333333333,1492.7116666666666,126.40416666666667,2.5682373530729037
