Feature,Mean_Absolute_SHAP_Impact
Distance(mi),0.37888148
event_year,0.103233926
emb_223,0.044823915
emb_127,0.03340336
emb_242,0.02163809
emb_123,0.021488555
Precipitation(in),0.020949194
Start_Lat,0.020744245
event_hour,0.015935896
event_month,0.014754857
emb_176,0.01420665
emb_329,0.012495857
emb_383,0.012216656
emb_98,0.012141758
Start_Lng,0.011396995
emb_308,0.011344748
emb_50,0.010501885
emb_99,0.009939212
emb_237,0.009529644
emb_5,0.009104505
emb_146,0.008215199
emb_333,0.008142048
emb_226,0.0077115004
emb_75,0.0069918265
emb_335,0.006963869
emb_0,0.0069425073
emb_217,0.006781734
emb_366,0.0066092634
emb_321,0.0065298355
Severity,0.006473456
emb_279,0.00640138
emb_143,0.0061372356
emb_324,0.0061110454
emb_90,0.005597792
emb_60,0.0054912316
emb_139,0.0052940925
emb_346,0.0052666334
emb_233,0.0052272175
emb_337,0.0051064007
emb_34,0.0050162217
emb_286,0.005008217
emb_338,0.0047490643
emb_29,0.004706702
emb_66,0.00459872
emb_114,0.004502038
emb_343,0.0042963168
emb_140,0.004231102
emb_12,0.0041816253
emb_149,0.004014047
emb_18,0.0039023904
emb_64,0.0038464982
emb_272,0.0038398707
gate_q_text_len,0.0033654766
emb_191,0.0033439985
emb_316,0.0032532294
emb_238,0.0030671053
emb_353,0.0030654436
emb_24,0.0030529767
emb_259,0.0030125938
emb_86,0.0029557366
emb_352,0.0029149558
emb_136,0.0028198692
emb_179,0.0028006765
emb_252,0.0027290215
emb_347,0.0026666245
emb_360,0.0026443847
emb_43,0.0026067777
emb_48,0.0025671548
emb_307,0.00254817
emb_1,0.002455388
emb_126,0.0024455427
emb_67,0.0024142808
emb_70,0.002406416
emb_350,0.0024045582
emb_299,0.0023733291
emb_200,0.002311997
emb_267,0.0023039214
emb_79,0.0022987656
emb_93,0.0022835953
emb_17,0.002238765
emb_95,0.0022313192
emb_216,0.0021995166
emb_341,0.002185071
emb_89,0.00206065
emb_192,0.0020158351
emb_40,0.0019567048
emb_340,0.0019524908
emb_157,0.0019439757
emb_378,0.0019319371
emb_4,0.0019238249
emb_368,0.0019143453
emb_62,0.0019022255
emb_284,0.001892778
emb_204,0.0018484916
emb_206,0.0018229806
emb_276,0.0018075093
emb_6,0.0017683143
emb_300,0.0017509296
emb_306,0.0017464196
emb_371,0.0017428909
emb_73,0.0017263565
emb_47,0.0016927075
emb_254,0.0016918997
emb_174,0.0016803509
emb_22,0.0016600227
emb_69,0.0016549845
emb_84,0.0016214396
event_day_of_week,0.0015453729
emb_261,0.0015256787
emb_271,0.0015081627
emb_255,0.0015062022
emb_46,0.001505899
emb_71,0.0014921809
is_secondary_crash,0.0014717369
emb_291,0.0014636966
emb_32,0.0014503417
emb_178,0.0014253244
emb_309,0.0013924838
emb_231,0.0013352644
emb_315,0.0013125769
emb_270,0.0013082786
emb_135,0.0013063343
emb_244,0.0012922717
emb_381,0.0012727232
emb_317,0.0012725362
emb_21,0.0012590375
emb_9,0.001219924
emb_53,0.0012154045
emb_283,0.0012064148
emb_189,0.0012008679
emb_235,0.001184515
emb_188,0.0011808355
emb_187,0.0011755282
emb_107,0.0011663743
emb_164,0.0011624962
emb_230,0.0011383444
emb_116,0.0011368847
emb_65,0.0011025078
emb_257,0.0010953128
emb_102,0.0010931306
emb_37,0.0010906197
emb_153,0.0010887297
emb_96,0.0010699384
emb_20,0.0010391889
emb_103,0.0010309245
emb_310,0.0010185718
emb_167,0.0010177142
emb_83,0.0010074992
emb_184,0.0010015982
emb_10,0.001000832
emb_311,0.0009962476
emb_327,0.0009914197
emb_33,0.0009886465
emb_331,0.00097230135
emb_27,0.00096941757
emb_247,0.00096525665
emb_61,0.0009562741
emb_342,0.0009331333
emb_374,0.00092751364
emb_339,0.00092056935
emb_51,0.00089531083
emb_23,0.000883613
emb_248,0.0008722774
emb_168,0.0008719509
emb_380,0.0008642124
emb_165,0.0008533581
emb_3,0.00085285836
emb_234,0.0008393592
emb_121,0.0008391172
emb_215,0.0008270919
emb_213,0.000820634
emb_345,0.00081342406
emb_312,0.00080875104
emb_355,0.0008064019
emb_202,0.00080321496
emb_322,0.00080095377
emb_31,0.00078726513
emb_348,0.0007856474
emb_159,0.0007795657
emb_166,0.0007790356
emb_205,0.0007762681
emb_219,0.0007754216
emb_236,0.0007671351
emb_131,0.0007670502
emb_334,0.0007589881
emb_25,0.00075146084
emb_260,0.00075097487
emb_323,0.000745353
emb_222,0.00073051936
emb_147,0.0007279815
emb_382,0.0007198067
emb_92,0.0007170882
emb_203,0.0006983606
emb_280,0.00069618586
emb_313,0.000695733
emb_160,0.0006946805
emb_277,0.00069258775
emb_218,0.00069125625
emb_78,0.0006910278
emb_156,0.0006858799
emb_115,0.00067759777
emb_112,0.0006751411
emb_275,0.0006649323
emb_117,0.0006575623
emb_76,0.0006481473
emb_344,0.0006396985
lanes_blocked,0.00063573336
emb_362,0.0006340047
emb_8,0.0006272709
emb_28,0.00062678696
emb_104,0.0006200549
emb_57,0.00061631046
emb_332,0.00061539
emb_87,0.0006118324
emb_54,0.0006036871
emb_199,0.0005950542
emb_38,0.0005938094
emb_305,0.0005903496
emb_229,0.00058949
emb_141,0.0005860655
emb_195,0.0005802335
emb_49,0.0005796556
emb_161,0.0005793521
emb_132,0.0005747204
emb_367,0.0005668021
emb_36,0.00056480156
emb_212,0.0005636788
emb_171,0.0005559666
emb_264,0.000551886
emb_163,0.00054917514
emb_365,0.00054596586
emb_240,0.000529289
emb_63,0.00052774884
emb_42,0.0005220632
emb_266,0.00051602465
emb_110,0.0005157266
emb_7,0.0005141567
emb_293,0.00050053594
emb_152,0.0004977946
emb_320,0.000495871
emb_16,0.00049564906
emb_245,0.00049561606
emb_239,0.0004937617
emb_35,0.00049128314
emb_262,0.00049109675
emb_357,0.0004905263
emb_227,0.00048622658
emb_224,0.00048591316
emb_11,0.00048008125
emb_207,0.000479896
emb_138,0.00047457457
emb_91,0.00047177324
emb_19,0.000468636
emb_349,0.00046858302
emb_145,0.00046825508
emb_144,0.00045459004
emb_251,0.00044545793
emb_14,0.00044503692
emb_154,0.0004424264
emb_358,0.00044142117
emb_39,0.00043963772
emb_302,0.0004375718
emb_263,0.00043157395
emb_268,0.00042949847
emb_94,0.00042357756
emb_162,0.00042080722
emb_304,0.00041525465
emb_282,0.00041277354
emb_41,0.00039991701
emb_150,0.00039001895
emb_88,0.00038838002
emb_294,0.00038510648
emb_109,0.0003845581
emb_106,0.00038233676
emb_256,0.00038139685
emb_100,0.00036626714
emb_301,0.0003640299
emb_250,0.00035972043
emb_243,0.00035546336
emb_56,0.0003512586
emb_303,0.0003487558
emb_220,0.00034761912
emb_26,0.0003468779
emb_364,0.00034646018
emb_74,0.00034115507
emb_105,0.00033772198
emb_314,0.00033384917
emb_130,0.0003338361
emb_55,0.00032211764
emb_328,0.0003213473
emb_58,0.0003197593
emb_363,0.00031879093
Visibility(mi),0.00031626364
emb_85,0.00031434506
emb_281,0.00031244775
emb_122,0.0003123656
emb_155,0.00031212566
emb_325,0.00030821186
emb_101,0.00030551697
emb_142,0.00030175265
emb_201,0.00030078986
emb_194,0.00029720704
emb_120,0.00029575362
emb_214,0.00029541133
emb_377,0.0002926626
emb_330,0.0002922898
emb_30,0.00029095027
emb_82,0.00028544365
emb_172,0.00028467417
emb_181,0.00028089617
emb_379,0.00027949948
emb_170,0.00027905448
emb_128,0.00027597163
emb_258,0.00027393145
emb_182,0.000266147
emb_175,0.00026438892
emb_190,0.00026299251
emb_354,0.00026051476
emb_232,0.0002604182
emb_185,0.00025978027
emb_52,0.0002506514
emb_210,0.0002458176
emb_208,0.00024497893
emb_369,0.00024415387
emb_289,0.00023893928
emb_196,0.00023642741
emb_15,0.00023185869
emb_336,0.00023082519
emb_180,0.00023024582
emb_373,0.00022970168
emb_370,0.00022740485
emb_129,0.00022714098
emb_97,0.00022605964
emb_246,0.00022018899
emb_274,0.00021659996
emb_158,0.00021337079
emb_148,0.0002091046
emb_118,0.00020704044
emb_13,0.00020002559
emb_45,0.00019734212
emb_319,0.00019247705
emb_2,0.0001852389
emb_198,0.00018252329
emb_59,0.00018108255
emb_292,0.00017934761
emb_241,0.00017851219
emb_221,0.00017257285
emb_193,0.00017052057
emb_209,0.00016275012
emb_265,0.00016133247
emb_183,0.00016042778
emb_269,0.00015934398
emb_151,0.00015878754
emb_278,0.00015831662
emb_253,0.00015545661
emb_173,0.00014698629
emb_290,0.00014163149
emb_44,0.00013632128
emb_211,0.00013602417
emb_68,0.00013316025
emb_318,0.00012345231
emb_225,0.00012331535
emb_273,0.00012241983
emb_228,0.00011986924
emb_133,0.00011789128
emb_119,0.000116999545
emb_81,0.00011605316
emb_169,0.00011474368
emb_298,0.000111034075
emb_80,0.00010303724
emb_137,0.00010295904
emb_177,0.00010148256
emb_356,9.264661e-05
emb_326,8.1544254e-05
emb_295,7.850519e-05
emb_288,7.734851e-05
emb_125,7.513969e-05
emb_186,7.492234e-05
emb_285,7.119289e-05
emb_111,6.979332e-05
emb_197,6.112302e-05
emb_72,6.060417e-05
emb_124,5.995098e-05
emb_359,5.8824568e-05
emb_249,5.804417e-05
emb_108,5.7363588e-05
emb_375,5.4515585e-05
emb_134,5.2667143e-05
emb_376,4.6973066e-05
emb_372,3.2357468e-05
emb_77,2.6650787e-05
emb_351,1.884715e-05
emb_296,1.2685955e-05
emb_113,8.772195e-06
uncertainty_language,0.0
incident_type,0.0
emergency_response_mentioned,0.0
heavy_vehicle,0.0
disabled_vehicle,0.0
hazardous_material,0.0
full_road_blockage,0.0
injury,0.0
debris,0.0
fire,0.0
spill,0.0
specialized_recovery_required,0.0
rollover,0.0
ramp_involvement,0.0
gate_q_tabular,0.0
emb_297,0.0
emb_287,0.0
gate_q_semantic_density,0.0
emb_361,0.0
