Feature,Expert0_Mean_Impact,Expert1_Mean_Impact,Expert2_Mean_Impact,Overall_Mean_Impact
emb_287,0.0003023962,0.00093080645,0.4035287,0.13492063
Distance(mi),0.04349028,0.11241386,0.005187733,0.05369729
emb_94,0.0011860805,0.00072095066,0.1261493,0.042685445
emb_337,0.002371846,0.0007725333,0.10400135,0.03571524
event_year,0.006383875,0.0673148,0.030899823,0.034866165
emb_141,0.0015030744,0.00016329528,0.090124376,0.030596914
emb_327,0.0038459816,0.002070934,0.07036643,0.025427781
Start_Lng,0.0008503892,0.014721362,0.0367098,0.017427184
emb_317,0.00027018777,0.0008205182,0.047377944,0.016156217
emb_22,0.00015130351,0.00053638953,0.047341295,0.016009662
emb_188,7.829923e-05,0.000101936115,0.041638542,0.013939593
emb_286,0.00026662016,0.00046217436,0.039943166,0.0135573195
emb_34,0.00040721844,0.00042752753,0.037124652,0.012653132
emb_149,0.00025218783,0.00041048625,0.03275461,0.011139095
emb_219,0.00040123533,0.00071163586,0.030143758,0.010418877
emb_223,0.0051689683,0.0008151401,0.024408229,0.010130779
emb_130,0.0005011312,0.00031965144,0.026414203,0.0090783285
emb_179,7.223948e-05,0.0005851858,0.025597261,0.008751563
event_day_of_week,0.00012773767,0.000113191716,0.024620201,0.008287043
emb_344,0.00022167787,2.9100745e-05,0.024291102,0.008180627
Precipitation(in),0.00063386426,0.012255037,0.0104967225,0.0077952086
emb_6,0.0001852806,9.943193e-05,0.02258975,0.0076248213
emb_119,0.00016977529,0.0007872782,0.018288722,0.0064152586
gate_q_text_len,0.00025996662,0.0011612604,0.017126042,0.006182423
emb_126,9.639244e-05,0.00022049551,0.017741553,0.0060194805
emb_78,0.00094620243,0.0011682945,0.015204653,0.0057730502
event_hour,0.00022247343,0.00026211026,0.016205708,0.0055634305
emb_308,7.193041e-05,0.0003548931,0.015549605,0.005325476
emb_1,0.00053105294,0.00013811346,0.014246868,0.0049720113
emb_366,0.00039849448,0.00011299557,0.013184024,0.0045651714
emb_300,0.004378163,0.0003471993,0.008238859,0.004321407
emb_60,0.000568966,0.00021723846,0.011989192,0.0042584655
Start_Lat,0.0007821077,0.0011660022,0.01025778,0.00406863
emb_97,0.00091542286,0.00017606464,0.010609778,0.0039004218
emb_279,0.00016627992,0.0002602923,0.011000402,0.0038089913
emb_140,0.0011139433,0.0022255823,0.007847157,0.0037288943
emb_79,0.009932456,0.0010916282,0.0,0.0036746946
emb_87,0.0015875327,0.0025008344,0.0066141677,0.003567512
emb_120,8.0522965e-05,0.005964764,0.0036560253,0.0032337708
emb_304,0.008622265,0.0003473392,0.0003228077,0.0030974708
emb_152,0.00029819948,0.0003827499,0.008609994,0.0030969812
emb_210,0.0003220613,0.00019564432,0.008751389,0.003089698
emb_330,0.00013356666,0.00034550735,0.008743707,0.0030742604
emb_69,0.0009608644,0.00018270561,0.008056533,0.0030667009
emb_230,0.00047645997,0.0009983558,0.007411923,0.0029622463
emb_205,0.00011806638,0.0001985817,0.008460713,0.002925787
emb_270,0.007923658,0.0008204784,0.0,0.002914712
emb_4,0.0005344252,0.0010270108,0.0071470807,0.002902839
emb_195,0.0057838513,0.0006971844,0.0022028673,0.0028946344
emb_254,0.0014524007,0.00017562865,0.0070368866,0.0028883053
emb_114,5.7491423e-05,0.00020494718,0.0077794814,0.00268064
emb_52,0.00020701872,0.00028227232,0.0074953916,0.002661561
emb_202,0.00027940294,0.007470843,0.00020349718,0.0026512474
emb_233,0.00019455192,0.0006036186,0.007079997,0.0026260559
emb_340,0.00014811133,0.00062542944,0.0062268525,0.0023334643
emb_16,0.0051564253,0.00063559087,0.00040469645,0.0020655708
emb_213,0.003736837,0.00028742652,0.002163634,0.0020626325
emb_61,0.00029976896,0.0004451447,0.005335527,0.0020268136
emb_302,0.0012315541,0.00032681526,0.0043637287,0.0019740327
emb_24,0.00060475897,0.0031732197,0.0020787339,0.0019522374
emb_356,0.0003460108,0.0046339617,0.0007627713,0.001914248
emb_28,0.00030435534,0.0008453216,0.004514531,0.0018880693
emb_320,0.00021721145,0.0005857065,0.0046567456,0.0018198878
emb_381,0.0012463978,0.0040112333,7.7634315e-05,0.0017784218
emb_131,0.00016915373,0.004881975,0.0002327626,0.0017612971
emb_148,0.00017866743,0.00051868276,0.0045857662,0.0017610388
emb_211,0.0003145732,0.0005596017,0.0043673376,0.0017471708
emb_36,0.0003400858,0.00062909274,0.004192658,0.001720612
emb_31,0.00019316252,0.00040628377,0.0043766787,0.0016587083
emb_169,0.0004780512,0.0036957795,0.0007514677,0.0016417662
emb_0,0.000259627,0.0019036824,0.0027190507,0.0016274533
emb_3,0.00041870668,0.00021183102,0.0039808727,0.0015371367
emb_137,0.00026399666,0.00022372756,0.004059186,0.0015156368
emb_365,0.0011558476,0.00044303783,0.0029478483,0.0015155779
emb_68,0.001189621,0.0032407367,0.0,0.001476786
emb_221,8.809333e-05,0.00023012754,0.004028409,0.0014488766
emb_209,0.0019303681,0.00025010033,0.002153246,0.0014445715
emb_234,5.4788317e-05,0.0003626742,0.0038947684,0.0014374102
emb_247,0.0020057247,0.00021717222,0.0020257917,0.0014162296
emb_323,0.00024961188,0.0002431637,0.0036216597,0.0013714783
emb_55,0.00019436293,0.0025151006,0.0013919778,0.0013671471
emb_110,0.00012546203,0.00043243286,0.0034292166,0.0013290372
emb_100,0.00021103222,9.972657e-05,0.0036240732,0.0013116106
emb_370,0.0003617034,0.0008596723,0.0026275394,0.0012829717
emb_118,0.00096558605,0.00020279486,0.0026373044,0.0012685618
emb_307,0.00072915235,0.0028452666,0.00022743555,0.0012672847
emb_355,0.0008686166,0.0019117246,0.00090951327,0.0012299515
emb_13,0.00016265135,0.00025320653,0.0032273037,0.0012143872
emb_88,0.003096584,0.0005379896,0.0,0.0012115246
emb_156,0.00033732635,0.002193049,0.0010763167,0.0012022307
emb_326,0.00041341066,0.00011669002,0.003008587,0.0011795625
emb_265,0.0003208341,0.00033958413,0.0028759202,0.0011787795
emb_47,0.0016336961,0.00018193512,0.0017186002,0.0011780771
emb_342,0.00021426815,0.00013642258,0.0031692642,0.0011733182
emb_378,0.00011467657,5.472117e-05,0.0033438182,0.001171072
emb_229,0.0005751561,0.00040495745,0.0024681122,0.0011494086
emb_338,0.0006271758,0.0008516021,0.00178725,0.001088676
emb_12,0.00012497779,0.00025270085,0.0028653818,0.0010810201
emb_311,2.3765197e-05,0.0028174962,0.0003599873,0.001067083
emb_291,5.591136e-05,0.00030676925,0.0027958087,0.0010528298
emb_176,0.00061429205,0.0025239082,0.0,0.0010460668
emb_166,0.0021198385,0.00019213313,0.00081693963,0.0010429703
emb_104,0.00026634336,0.00039390245,0.002394971,0.0010184055
emb_122,0.0016465577,0.00042993165,0.00097628933,0.001017593
Severity,0.00011339867,1.9504503e-06,0.0029020542,0.0010058011
emb_178,0.00023717913,0.0011783922,0.0015967565,0.0010041093
emb_220,0.0009311011,0.00016235853,0.0019073643,0.0010002747
emb_113,7.9194695e-05,0.00028613635,0.0026180828,0.0009944713
emb_360,0.00049103686,0.00010011376,0.0023752977,0.000988816
emb_316,0.00015971104,0.000113235925,0.0026649279,0.0009792916
emb_96,0.0003597699,0.00017541317,0.0023853984,0.00097352715
emb_135,0.00010696044,0.0003632153,0.0024502925,0.0009734894
emb_321,0.00031070606,0.00038421634,0.00217801,0.00095764414
emb_333,0.002390149,9.0093614e-05,0.00036496454,0.0009484024
emb_269,0.0021551372,0.0006809801,0.0,0.00094537245
emb_5,0.00020251103,0.00014468953,0.0024874404,0.0009448803
emb_222,0.00044413182,0.0009076833,0.0014734061,0.00094174035
emb_364,0.0003608633,8.53541e-05,0.0023554498,0.00093388907
emb_283,0.00011234192,0.0006048567,0.0020589558,0.00092538475
emb_161,0.00027127314,0.00015468274,0.0023023076,0.0009094211
emb_62,0.00012623552,0.0011592384,0.0013865051,0.00089065963
emb_159,0.00082114356,0.00013160141,0.0017014655,0.00088473683
emb_332,0.0004227262,9.2464004e-05,0.002105295,0.00087349507
emb_180,6.7819405e-05,0.0003350408,0.0021831987,0.0008620196
emb_66,0.0010537287,0.0014144897,0.00011406626,0.0008607616
emb_319,0.00047469835,0.0021074929,0.0,0.0008607304
emb_292,0.0018211816,0.00011620181,0.00060949445,0.00084895926
emb_383,0.0015086316,0.0010369433,0.0,0.000848525
emb_352,4.398872e-05,0.0008397234,0.0016520063,0.0008452395
emb_288,0.00037705558,0.00030766745,0.0018183361,0.00083435304
emb_186,0.0004359732,0.0020197548,0.0,0.000818576
emb_201,0.00032267405,0.00041334835,0.0017072757,0.00081443274
emb_25,0.0012206015,0.0003424726,0.0008669311,0.00081000174
emb_313,0.00045745884,0.0014525093,0.00047529532,0.00079508784
emb_116,0.00025785327,0.0005476048,0.0015756199,0.00079369266
emb_125,0.0013627725,0.00013177775,0.000886263,0.0007936044
emb_41,0.00036462184,0.0020155169,0.0,0.00079337956
emb_282,0.0010594634,9.652282e-05,0.0012050794,0.0007870219
emb_335,0.0010411883,0.00029831563,0.0010049919,0.0007814986
emb_103,0.00021606263,0.0017617734,0.00036371476,0.00078051694
emb_18,0.00035157907,0.0004968835,0.0014906139,0.00077969214
emb_136,0.00019541076,0.00030445142,0.0018119041,0.0007705888
emb_231,0.00031333676,0.0018522465,0.00013515941,0.00076691416
emb_216,0.00048475672,0.0011543359,0.0006601765,0.00076642307
emb_127,0.0006453184,0.0011434945,0.0005001707,0.0007629946
emb_2,0.0007300369,0.0003934048,0.0011642147,0.0007625521
emb_172,0.0005069533,0.00060058327,0.0011695607,0.0007590324
emb_263,0.00017846272,0.0006634657,0.001392646,0.0007448581
emb_174,0.0006452606,0.00038411687,0.0012050654,0.0007448143
emb_20,6.661314e-05,0.0004981651,0.0016482759,0.0007376847
emb_372,0.00027225082,0.0005970375,0.0013248964,0.0007313949
emb_259,0.00013297668,0.0017773234,0.0002692301,0.0007265101
emb_303,0.00055238703,0.00048060747,0.0011343134,0.00072243594
emb_289,8.3706786e-05,0.00019229641,0.0018896846,0.0007218959
emb_275,0.0004938156,0.0001841144,0.0014669744,0.00071496813
emb_192,0.00029529806,0.00040854278,0.0014355733,0.0007131381
emb_14,0.00080421503,0.0005541876,0.0007741724,0.0007108583
emb_244,9.83606e-05,0.00025208166,0.0017315672,0.00069400313
emb_123,0.0015589397,0.000515706,0.0,0.00069154863
emb_19,8.1985854e-05,0.00040414266,0.0015802003,0.0006887762
emb_146,0.00018203793,0.0013701062,0.0005066843,0.0006862762
emb_212,0.0005591105,0.0003842277,0.0011087877,0.000684042
emb_7,0.0012007297,0.00034582638,0.00048663077,0.00067772897
emb_39,0.0004902243,0.00039629356,0.0011373176,0.00067461183
emb_217,0.0011799043,0.00071036426,0.00012633823,0.0006722023
emb_160,0.000524365,0.0008367908,0.0006474356,0.0006695304
emb_145,7.3852156e-05,0.0003568192,0.0015708819,0.0006671844
emb_348,8.693988e-05,0.00036582135,0.0015305051,0.0006610888
emb_151,0.0002468432,0.00073731225,0.0009948916,0.0006596823
emb_117,0.0001162441,0.0009847101,0.0008658418,0.00065559865
emb_95,0.0003969064,0.00039492003,0.0011695464,0.00065379095
emb_255,0.00044255122,0.00019747039,0.0013107718,0.0006502645
emb_246,0.0001662156,0.00047621518,0.001297434,0.00064662163
emb_109,7.115149e-05,0.00037332837,0.001488724,0.0006444013
emb_150,2.1423113e-05,0.0009657676,0.0009445489,0.0006439132
emb_353,0.00035376448,0.0003181685,0.0012324058,0.0006347796
emb_349,0.00055045245,0.00026612764,0.0010581516,0.0006249105
emb_298,0.00089050754,0.0008543156,0.000112282374,0.00061903516
emb_181,0.00038208946,0.00089001725,0.0005822185,0.00061810843
emb_129,0.00037015157,0.00030897616,0.0011503529,0.0006098269
emb_153,0.0002537105,0.0010665465,0.00049619476,0.00060548395
emb_343,0.00027199739,0.0009914475,0.000492654,0.0005853663
emb_21,0.00017380239,0.00029399674,0.0012673445,0.0005783812
emb_290,0.00026888654,0.0013570222,7.949458e-05,0.0005684678
emb_92,0.00045014778,0.000102902406,0.0011372367,0.00056342897
emb_23,4.4120603e-05,0.001249809,0.00038008462,0.0005580048
emb_207,0.00010090134,0.0013546933,0.00021442797,0.0005566742
emb_75,0.0013413634,0.0003160469,0.0,0.0005524701
emb_144,0.0009048898,0.0007035508,0.0,0.00053614686
emb_48,0.00033042894,0.00081956,0.00045616468,0.0005353846
emb_256,0.00086504006,0.00023576723,0.00044190223,0.0005142365
emb_191,0.00029280788,0.0010636203,0.00017739646,0.0005112749
emb_318,0.0003554153,0.0005719358,0.00059790455,0.00050841854
emb_299,0.00076319353,0.0007592942,0.0,0.0005074959
emb_206,0.00025510724,0.00043243516,0.0008237117,0.0005037514
emb_204,0.00031749677,0.00026428117,0.00092526467,0.00050234754
emb_267,0.00034637752,0.00068067736,0.00047265203,0.0004999023
emb_10,6.8603105e-05,0.00067972526,0.00073059305,0.0004929738
emb_189,0.0009981672,0.00024660846,0.00023304489,0.00049260684
emb_297,0.00017183938,0.0011358958,0.00016481658,0.0004908506
emb_329,1.3468329e-05,0.0012641479,0.00019237574,0.0004899973
emb_262,0.00016873599,0.0007069887,0.00056260853,0.0004794444
emb_72,0.00048643848,0.0006209319,0.0003258368,0.00047773574
emb_285,0.00040535067,0.00088094844,0.00014410433,0.00047680116
emb_106,0.00048022182,0.0005245825,0.0004208738,0.00047522606
emb_29,0.00028221845,0.0009139845,0.00022457252,0.00047359182
emb_56,0.0005964898,0.0004900767,0.00033379698,0.0004734545
emb_112,0.00043935826,5.4817563e-05,0.0008980679,0.0004640812
emb_293,0.0007998891,0.0003713683,0.00021879963,0.0004633523
emb_224,0.00072706497,0.0001216828,0.00054039515,0.00046304765
emb_374,0.0004871694,0.0002558148,0.00064418954,0.00046239127
emb_59,0.00042862183,0.00019458243,0.0007477602,0.00045698814
emb_27,0.00010971182,0.0006380766,0.0006224695,0.00045675263
emb_249,0.00023077177,0.00040618307,0.0007142569,0.0004504039
emb_271,0.00024518862,0.0007288798,0.00037626474,0.00045011108
emb_266,0.00017425406,0.00026758693,0.0009057682,0.00044920307
emb_133,0.00023322986,0.00046709506,0.0006164819,0.0004389356
emb_167,0.00036069524,0.00066647603,0.00028639345,0.0004378549
emb_65,0.00050136284,0.00070389285,9.84796e-05,0.00043457843
emb_53,0.00015405078,0.0005100273,0.0006365302,0.0004335361
emb_185,0.0006424058,0.00015736838,0.0004973676,0.0004323806
emb_314,0.00025223647,0.00056631083,0.0004694307,0.000429326
emb_203,0.00011475709,0.0009867082,0.0001795944,0.0004270199
emb_228,8.461397e-05,0.00036922685,0.0008215101,0.00042511697
emb_232,0.0009463043,0.0003168666,0.0,0.00042105696
emb_80,0.00066103955,0.00046432548,0.00013572973,0.00042036493
emb_35,0.00019164025,0.00058043,0.0004752534,0.00041577453
emb_346,0.00016878928,0.0008004073,0.00027615138,0.000415116
emb_138,0.0005711841,0.0003797574,0.00029118144,0.00041404096
emb_108,0.0005706631,0.00035448454,0.00031631388,0.0004138205
emb_235,0.0008327054,0.0002603696,0.00014809983,0.00041372495
emb_90,0.00019896738,0.00071948057,0.0003207595,0.00041306915
emb_67,0.00024402674,0.00051733304,0.0004749998,0.00041211987
emb_154,9.542921e-05,0.0002416701,0.00089631643,0.00041113855
emb_260,0.0005014607,0.0007220972,0.0,0.0004078526
emb_40,0.00028007894,0.00030234945,0.00064035994,0.00040759612
emb_379,0.0007643135,0.00043563414,1.999314e-05,0.00040664696
emb_376,3.022433e-05,8.15746e-05,0.0011056412,0.00040581342
emb_74,0.00039353428,0.0004048325,0.00041549123,0.00040461935
emb_71,5.86668e-05,0.0005628013,0.00058576866,0.00040241226
emb_196,0.0004457501,0.00028254083,0.00047482425,0.00040103841
emb_305,0.0003192167,0.00033836512,0.00053067505,0.00039608564
emb_380,2.8183158e-05,0.00023235346,0.0009165988,0.00039237845
emb_45,0.00023409443,0.00020165421,0.0007404791,0.00039207595
emb_105,0.00030197896,0.0002312108,0.0006424874,0.0003918924
emb_50,6.6154294e-05,0.0002720283,0.0008345628,0.0003909151
emb_284,0.00023102669,0.00021396502,0.00072282826,0.0003892733
emb_301,0.00046725734,0.0004968322,0.00020247966,0.0003888564
emb_51,8.170746e-05,0.00092514174,0.0001481837,0.00038501096
emb_81,0.00010708552,0.00029649175,0.00072028046,0.00037461924
emb_367,0.0006806523,0.00044027204,0.0,0.0003736414
emb_15,0.0005974669,0.00021783591,0.00030458174,0.00037329484
emb_42,0.00023136809,0.00010424414,0.00078049285,0.00037203505
emb_240,0.00023652783,0.0006153565,0.00026213223,0.00037133883
emb_101,0.000121476915,0.00035511612,0.00063502905,0.00037054069
emb_177,4.570693e-05,0.00083398586,0.00022598644,0.00036855973
emb_73,0.00058208883,0.0003313731,0.00017444184,0.00036263457
emb_77,0.000118303426,0.00057347486,0.00037472925,0.0003555025
emb_264,0.0001560055,0.00021768326,0.0006914229,0.00035503725
emb_142,0.00029919503,0.00018556713,0.0005793764,0.00035471286
emb_239,0.00042845364,0.00017120101,0.0004642771,0.0003546439
emb_165,0.00013979347,0.00091356604,0.0,0.00035111982
emb_64,0.00018062792,0.0007411888,0.00012470552,0.00034884075
emb_237,0.00030750997,0.00035302129,0.00037986605,0.00034679906
emb_350,0.00042042413,0.00040254148,0.00021382862,0.0003455981
emb_43,0.00012734461,0.00035510937,0.00055411074,0.00034552158
emb_336,0.0003384141,0.0004977142,0.00018484441,0.00034032424
emb_46,0.00020783447,5.59627e-05,0.00075501186,0.00033960302
emb_9,0.0004545872,0.00019094741,0.00036304735,0.00033619397
emb_143,7.209865e-05,0.0006563013,0.00027704606,0.00033514865
emb_168,0.00042734592,0.00056863786,0.0,0.0003319946
emb_26,0.000111128735,0.00027086705,0.0005992521,0.0003270826
emb_76,0.00012009147,0.00048671843,0.00037181206,0.00032620734
emb_83,0.00034223968,0.00020020053,0.000432682,0.00032504075
emb_99,0.00055597327,0.00020441096,0.00021338605,0.0003245901
emb_351,0.00012375582,0.00066660496,0.00017980064,0.00032338712
emb_44,0.0006920498,0.00018576972,9.204275e-05,0.00032328742
emb_58,0.00019619723,0.00040976433,0.00035037103,0.00031877751
emb_57,0.00032019356,9.889421e-05,0.0005316646,0.00031691746
emb_243,0.00012608132,0.0002416017,0.000579461,0.00031571466
emb_111,0.00019614371,0.0003262181,0.00042374604,0.0003153693
emb_183,9.4025265e-05,0.00035711695,0.0004923242,0.0003144888
emb_193,0.0003127087,0.00020669747,0.00041802737,0.00031247785
emb_187,0.00011355764,0.00076595886,5.633632e-05,0.00031195095
emb_170,0.00011310839,5.9482845e-05,0.00075669,0.00030976042
emb_253,0.0004106868,0.00020956532,0.00030068945,0.00030698054
emb_257,0.00044721362,0.00047289688,0.0,0.0003067035
emb_362,0.0007522032,0.00014468377,0.0,0.00029896232
emb_175,0.0007243813,3.0497513e-05,0.00013528885,0.00029672254
emb_377,7.867654e-05,0.00011925388,0.0006844659,0.00029413213
emb_227,0.00030137534,7.3484436e-05,0.0005030863,0.0002926487
emb_261,0.00026121576,0.00044725853,0.0001637181,0.00029073082
emb_63,0.00010205263,0.00023457616,0.00053023594,0.0002889549
emb_89,0.00028686126,0.00052038895,5.131302e-05,0.00028618774
emb_32,2.8762492e-05,0.00015570018,0.0006706095,0.00028502406
emb_322,0.00032963644,0.00033375356,0.00019093648,0.0002847755
emb_199,0.0004579212,0.00026002343,0.0001319566,0.0002833004
emb_312,0.00013931436,0.00029852364,0.0004112192,0.00028301906
emb_86,0.00016211133,0.00042731417,0.00024649515,0.00027864022
event_month,0.00021730126,6.7419336e-05,0.00053215167,0.00027229075
emb_98,0.0007689332,4.602034e-05,0.0,0.00027165117
emb_252,0.0001921138,0.00046953157,0.00015155807,0.0002710678
emb_347,0.000114849114,0.00038825712,0.00029871354,0.00026727325
emb_250,0.0005154736,0.00016141651,0.00012138347,0.0002660912
emb_8,0.0004273231,0.00024592507,0.00012034739,0.00026453185
emb_280,0.00041702107,0.00037483822,0.0,0.0002639531
emb_241,0.0001739517,0.0003009725,0.00031194167,0.0002622886
emb_85,0.0005115685,0.00027149628,0.0,0.00026102157
emb_276,0.00038830136,0.00038929266,0.0,0.00025919802
emb_54,0.00029733995,0.00020160878,0.0002757451,0.00025823127
emb_49,0.00010418013,0.00033135776,0.00033497383,0.00025683723
emb_277,0.00034388382,0.0003731007,4.9867456e-05,0.0002556173
emb_70,7.715589e-05,0.00016187981,0.0005250683,0.00025470133
emb_273,9.802171e-05,0.0006575566,0.0,0.00025185943
emb_236,8.01764e-05,0.0003984888,0.00027530675,0.000251324
emb_226,0.00037231896,0.0002014014,0.00017824085,0.00025065374
emb_339,0.00014212234,0.00039248372,0.00021301152,0.00024920586
emb_371,0.00037445247,0.00025426116,0.00011662624,0.00024844662
emb_164,0.00022194303,0.0005226392,0.0,0.00024819406
emb_382,7.676214e-05,0.0001322661,0.00051669247,0.0002419069
emb_197,0.00012470908,0.00017305894,0.00042737153,0.00024171319
emb_310,0.0003808221,0.00032799036,0.0,0.00023627083
emb_373,0.00023010773,0.00024405515,0.00022548299,0.00023321528
emb_225,0.00037693477,0.0002918715,2.9639452e-05,0.00023281523
emb_215,0.00011111756,0.00025765586,0.00032732447,0.00023203262
emb_128,2.1041404e-05,0.00043923856,0.00022885467,0.00022971154
emb_33,7.5951815e-05,0.00021712031,0.00039169606,0.00022825606
emb_163,0.00012528985,0.00011236034,0.00044113214,0.00022626079
emb_91,0.00027221037,3.8536575e-05,0.00036700198,0.00022591632
emb_93,0.00036979397,0.00030584776,0.0,0.0002252139
emb_139,0.00042974332,0.0002453418,0.0,0.00022502837
emb_147,4.0965246e-05,0.00040359359,0.00022790971,0.00022415619
emb_359,0.00026462632,0.00024998432,0.00015272391,0.00022244487
emb_341,0.00015101727,0.00033446698,0.00018143193,0.0002223054
emb_258,0.00023791996,0.00025069024,0.0001771122,0.00022190747
emb_272,0.0002499734,0.0004141624,0.0,0.00022137859
emb_218,0.00028752696,0.0003517764,1.9110565e-05,0.0002194713
emb_315,0.00029681262,0.00020515197,0.00015623511,0.00021939991
emb_324,8.318201e-05,0.000333034,0.00023603495,0.00021741698
emb_295,0.00010555509,0.00010572344,0.00043953542,0.00021693797
emb_11,8.3683684e-05,0.000111738744,0.00044471363,0.00021337869
emb_171,0.00033599488,0.00025388578,3.27262e-05,0.00020753562
emb_157,0.000525414,3.7049027e-05,5.5612494e-05,0.00020602516
emb_306,7.719565e-05,6.6812114e-05,0.00046454245,0.00020285007
emb_361,0.0003700826,0.00010747803,0.00012577954,0.00020111339
emb_124,0.00014349508,0.00026294639,0.00019196338,0.00019946828
emb_334,0.000174581,0.00042155795,0.0,0.00019871298
emb_278,0.00019095468,0.0001682739,0.00023499563,0.00019807473
emb_214,8.9533605e-05,0.00050339685,0.0,0.00019764349
emb_294,0.0001314772,0.00045720936,0.0,0.00019622885
emb_184,7.154145e-05,0.00036385303,0.00013084618,0.00018874688
emb_368,0.000257487,0.00023844164,5.8835212e-05,0.00018492127
emb_162,0.00032713648,0.00021645703,0.0,0.00018119784
emb_358,0.00021465047,0.00015816758,0.0001696237,0.0001808139
emb_328,0.00017530523,0.00035794842,0.0,0.00017775122
emb_208,0.00022347755,3.777168e-05,0.00027051652,0.00017725525
emb_357,5.27853e-06,0.00052634976,0.0,0.00017720943
emb_82,0.00018497258,0.00018554128,0.00015816874,0.00017622754
emb_309,0.00021574408,0.0003102591,0.0,0.0001753344
emb_38,0.0003816422,0.00014356404,0.0,0.00017506874
emb_248,8.365478e-05,0.0002395428,0.00019836216,0.00017385324
emb_245,9.0156485e-05,0.00027788163,0.0001382249,0.00016875433
emb_200,0.0004208379,6.8373556e-05,0.0,0.0001630705
emb_369,0.00041284502,7.570036e-05,0.0,0.00016284846
emb_37,8.689617e-05,0.00018727478,0.00020965759,0.00016127618
emb_17,0.0001416456,0.00026319697,7.5374104e-05,0.00016007223
emb_363,3.364136e-05,0.00044557563,0.0,0.000159739
emb_134,0.00030210937,0.00015488308,1.1968466e-05,0.0001563203
emb_325,0.00026129468,0.00020541059,0.0,0.00015556843
emb_331,9.4961935e-05,0.00034036595,3.103238e-05,0.00015545341
emb_190,0.0002775886,0.00017873624,0.0,0.00015210827
emb_182,0.0001351297,0.00032085605,0.0,0.00015199525
emb_132,9.095549e-05,0.00011041506,0.00025095284,0.00015077446
emb_242,0.00019379774,0.00020212258,5.3417265e-05,0.00014977918
emb_238,0.00025354628,0.00019169679,0.0,0.00014841436
emb_296,5.8006604e-05,0.00037041152,0.0,0.00014280605
emb_30,0.00028792798,0.00013613146,0.0,0.00014135316
emb_345,0.00028141553,8.3719584e-05,5.6832694e-05,0.00014065595
emb_354,0.00022880443,0.00018980291,0.0,0.00013953578
emb_173,0.00018744818,0.00016617998,4.9234433e-05,0.00013428753
Visibility(mi),5.1300503e-05,0.0003056093,2.6303636e-05,0.00012773782
emb_84,0.00011560313,0.00016597348,8.004889e-05,0.00012054184
emb_198,0.00013475631,0.00021990984,0.0,0.00011822205
gate_q_tabular,0.0,0.00035344472,0.0,0.0001178149
emb_102,0.00015965223,0.00017722833,0.0,0.00011229352
emb_107,0.00013924505,0.00019287392,0.0,0.00011070632
emb_115,0.00026367142,3.2104488e-06,5.27738e-05,0.00010655189
emb_121,0.00014791153,0.0001409723,2.8129209e-05,0.00010567101
emb_158,0.00010400026,0.00020023393,0.0,0.000101411395
emb_375,7.7938486e-05,0.00022608502,0.0,0.00010134117
emb_274,0.00013583798,9.0676505e-05,5.6757526e-05,9.4424e-05
emb_194,6.0530365e-05,0.0002219717,0.0,9.416736e-05
emb_281,3.8118527e-05,0.00020887038,0.0,8.2329636e-05
emb_268,3.6999216e-05,0.00019033745,0.0,7.577889e-05
emb_251,6.354061e-05,0.00016270015,0.0,7.541358e-05
emb_155,9.046803e-05,0.00011210572,0.0,6.752458e-05
lanes_blocked,2.1614826e-06,0.0,0.00019531726,6.582625e-05
is_secondary_crash,2.9606364e-05,0.0,0.0,9.868788e-06
rollover,2.6233793e-05,0.0,0.0,8.744598e-06
incident_type,0.0,8.4282665e-06,0.0,2.809422e-06
injury,0.0,0.0,0.0,0.0
emergency_response_mentioned,0.0,0.0,0.0,0.0
debris,0.0,0.0,0.0,0.0
spill,0.0,0.0,0.0,0.0
heavy_vehicle,0.0,0.0,0.0,0.0
fire,0.0,0.0,0.0,0.0
specialized_recovery_required,0.0,0.0,0.0,0.0
hazardous_material,0.0,0.0,0.0,0.0
full_road_blockage,0.0,0.0,0.0,0.0
ramp_involvement,0.0,0.0,0.0,0.0
disabled_vehicle,0.0,0.0,0.0,0.0
gate_q_semantic_density,0.0,0.0,0.0,0.0
uncertainty_language,0.0,0.0,0.0,0.0
